repeat,subject,config,model,use_features,feature_method,n_cycles,n_train,n_test,n_guard,n_train_sessions,n_test_sessions,n_classes,accuracy,macro_f1,weighted_f1
1,Andy_Dynamic,IMU,lstm,False,concat,424,250,80,94,13,4,4,0.7625,0.7516,0.7516
1,Andy_Dynamic,IMU,gru,False,concat,424,250,80,94,13,4,4,0.925,0.9264,0.9264
1,Andy_Dynamic,IMU,cnn,False,concat,424,250,80,94,13,4,4,0.9875,0.9875,0.9875
1,Andy_Dynamic,Pressure,lstm,False,concat,424,250,80,94,13,4,4,0.9625,0.9628,0.9628
1,Andy_Dynamic,Pressure,gru,False,concat,424,250,80,94,13,4,4,0.975,0.9753,0.9753
1,Andy_Dynamic,Pressure,cnn,False,concat,424,250,80,94,13,4,4,0.9875,0.9875,0.9875
1,Andy_Dynamic,IMU+Pressure,lstm,False,concat,424,250,80,94,13,4,4,0.9875,0.9875,0.9875
1,Andy_Dynamic,IMU+Pressure,gru,False,concat,424,250,80,94,13,4,4,0.95,0.9505,0.9505
1,Andy_Dynamic,IMU+Pressure,cnn,False,concat,424,250,80,94,13,4,4,0.975,0.9749,0.9749
1,Ankan_Dynamic,IMU,lstm,False,concat,528,320,80,128,16,4,4,0.9125,0.9126,0.9126
1,Ankan_Dynamic,IMU,gru,False,concat,528,320,80,128,16,4,4,0.9375,0.9381,0.9381
1,Ankan_Dynamic,IMU,cnn,False,concat,528,320,80,128,16,4,4,0.9375,0.9365,0.9365
1,Ankan_Dynamic,Pressure,lstm,False,concat,528,320,80,128,16,4,4,0.7875,0.794,0.794
1,Ankan_Dynamic,Pressure,gru,False,concat,528,320,80,128,16,4,4,0.8,0.7988,0.7988
1,Ankan_Dynamic,Pressure,cnn,False,concat,528,320,80,128,16,4,4,0.9375,0.9371,0.9371
1,Ankan_Dynamic,IMU+Pressure,lstm,False,concat,528,320,80,128,16,4,4,0.9625,0.9625,0.9625
1,Ankan_Dynamic,IMU+Pressure,gru,False,concat,528,320,80,128,16,4,4,0.9375,0.938,0.938
1,Ankan_Dynamic,IMU+Pressure,cnn,False,concat,528,320,80,128,16,4,4,0.9875,0.9875,0.9875
1,David_Dynamic,IMU,lstm,False,concat,507,320,80,107,16,4,4,0.9,0.9006,0.9006
1,David_Dynamic,IMU,gru,False,concat,507,320,80,107,16,4,4,0.8375,0.8391,0.8391
1,David_Dynamic,IMU,cnn,False,concat,507,320,80,107,16,4,4,0.975,0.9749,0.9749
1,David_Dynamic,Pressure,lstm,False,concat,507,320,80,107,16,4,4,1.0,1.0,1.0
1,David_Dynamic,Pressure,gru,False,concat,507,320,80,107,16,4,4,0.95,0.9496,0.9496
1,David_Dynamic,Pressure,cnn,False,concat,507,320,80,107,16,4,4,0.9875,0.9875,0.9875
1,David_Dynamic,IMU+Pressure,lstm,False,concat,507,320,80,107,16,4,4,0.9875,0.9875,0.9875
1,David_Dynamic,IMU+Pressure,gru,False,concat,507,320,80,107,16,4,4,1.0,1.0,1.0
1,David_Dynamic,IMU+Pressure,cnn,False,concat,507,320,80,107,16,4,4,1.0,1.0,1.0
1,Hrithik_Dynamic,IMU,lstm,False,concat,481,292,80,109,15,4,4,0.975,0.9753,0.9753
1,Hrithik_Dynamic,IMU,gru,False,concat,481,292,80,109,15,4,4,1.0,1.0,1.0
1,Hrithik_Dynamic,IMU,cnn,False,concat,481,292,80,109,15,4,4,1.0,1.0,1.0
1,Hrithik_Dynamic,Pressure,lstm,False,concat,481,292,80,109,15,4,4,0.875,0.8745,0.8745
1,Hrithik_Dynamic,Pressure,gru,False,concat,481,292,80,109,15,4,4,0.9625,0.9628,0.9628
1,Hrithik_Dynamic,Pressure,cnn,False,concat,481,292,80,109,15,4,4,0.9875,0.9875,0.9875
1,Hrithik_Dynamic,IMU+Pressure,lstm,False,concat,481,292,80,109,15,4,4,0.9875,0.9875,0.9875
1,Hrithik_Dynamic,IMU+Pressure,gru,False,concat,481,292,80,109,15,4,4,0.9875,0.9875,0.9875
1,Hrithik_Dynamic,IMU+Pressure,cnn,False,concat,481,292,80,109,15,4,4,1.0,1.0,1.0
1,JJ_Dynamic,IMU,lstm,False,concat,480,309,75,96,16,4,4,1.0,1.0,1.0
1,JJ_Dynamic,IMU,gru,False,concat,480,309,75,96,16,4,4,0.92,0.9149,0.9217
1,JJ_Dynamic,IMU,cnn,False,concat,480,309,75,96,16,4,4,1.0,1.0,1.0
1,JJ_Dynamic,Pressure,lstm,False,concat,480,309,75,96,16,4,4,0.9867,0.9875,0.9867
1,JJ_Dynamic,Pressure,gru,False,concat,480,309,75,96,16,4,4,0.8933,0.8958,0.8889
1,JJ_Dynamic,Pressure,cnn,False,concat,480,309,75,96,16,4,4,0.9733,0.9749,0.9733
1,JJ_Dynamic,IMU+Pressure,lstm,False,concat,480,309,75,96,16,4,4,0.9733,0.9746,0.973
1,JJ_Dynamic,IMU+Pressure,gru,False,concat,480,309,75,96,16,4,4,0.96,0.9623,0.9598
1,JJ_Dynamic,IMU+Pressure,cnn,False,concat,480,309,75,96,16,4,4,0.9733,0.9749,0.9733
1,Mustafa_Dynamic,IMU,lstm,False,concat,563,355,79,129,18,4,4,0.9873,0.9875,0.9873
1,Mustafa_Dynamic,IMU,gru,False,concat,563,355,79,129,18,4,4,0.9873,0.9875,0.9873
1,Mustafa_Dynamic,IMU,cnn,False,concat,563,355,79,129,18,4,4,1.0,1.0,1.0
1,Mustafa_Dynamic,Pressure,lstm,False,concat,563,355,79,129,18,4,4,0.9747,0.9743,0.9747
1,Mustafa_Dynamic,Pressure,gru,False,concat,563,355,79,129,18,4,4,0.9114,0.9097,0.9109
1,Mustafa_Dynamic,Pressure,cnn,False,concat,563,355,79,129,18,4,4,1.0,1.0,1.0
1,Mustafa_Dynamic,IMU+Pressure,lstm,False,concat,563,355,79,129,18,4,4,0.9747,0.9747,0.9747
1,Mustafa_Dynamic,IMU+Pressure,gru,False,concat,563,355,79,129,18,4,4,0.9747,0.9749,0.9746
1,Mustafa_Dynamic,IMU+Pressure,cnn,False,concat,563,355,79,129,18,4,4,0.9873,0.9872,0.9873
1,Rezoan_Dynamic,IMU,lstm,False,concat,456,279,80,97,14,4,4,0.825,0.8117,0.8117
1,Rezoan_Dynamic,IMU,gru,False,concat,456,279,80,97,14,4,4,0.9,0.9007,0.9007
1,Rezoan_Dynamic,IMU,cnn,False,concat,456,279,80,97,14,4,4,0.9,0.8958,0.8958
1,Rezoan_Dynamic,Pressure,lstm,False,concat,456,279,80,97,14,4,4,0.9375,0.9363,0.9363
1,Rezoan_Dynamic,Pressure,gru,False,concat,456,279,80,97,14,4,4,0.9125,0.91,0.91
1,Rezoan_Dynamic,Pressure,cnn,False,concat,456,279,80,97,14,4,4,0.95,0.9498,0.9498
1,Rezoan_Dynamic,IMU+Pressure,lstm,False,concat,456,279,80,97,14,4,4,0.9125,0.9122,0.9122
1,Rezoan_Dynamic,IMU+Pressure,gru,False,concat,456,279,80,97,14,4,4,0.925,0.9237,0.9237
1,Rezoan_Dynamic,IMU+Pressure,cnn,False,concat,456,279,80,97,14,4,4,0.95,0.9498,0.9498
1,Sudipta_Dynamic,IMU,lstm,False,concat,560,342,80,138,18,4,4,1.0,1.0,1.0
1,Sudipta_Dynamic,IMU,gru,False,concat,560,342,80,138,18,4,4,1.0,1.0,1.0
1,Sudipta_Dynamic,IMU,cnn,False,concat,560,342,80,138,18,4,4,1.0,1.0,1.0
1,Sudipta_Dynamic,Pressure,lstm,False,concat,560,342,80,138,18,4,4,0.85,0.8352,0.8352
1,Sudipta_Dynamic,Pressure,gru,False,concat,560,342,80,138,18,4,4,0.875,0.869,0.869
1,Sudipta_Dynamic,Pressure,cnn,False,concat,560,342,80,138,18,4,4,1.0,1.0,1.0
1,Sudipta_Dynamic,IMU+Pressure,lstm,False,concat,560,342,80,138,18,4,4,0.9875,0.9875,0.9875
1,Sudipta_Dynamic,IMU+Pressure,gru,False,concat,560,342,80,138,18,4,4,0.975,0.9749,0.9749
1,Sudipta_Dynamic,IMU+Pressure,cnn,False,concat,560,342,80,138,18,4,4,1.0,1.0,1.0
1,Tianjun_Dynamic,IMU,lstm,False,concat,486,298,80,108,15,4,4,0.8,0.7847,0.7847
1,Tianjun_Dynamic,IMU,gru,False,concat,486,298,80,108,15,4,4,0.875,0.8742,0.8742
1,Tianjun_Dynamic,IMU,cnn,False,concat,486,298,80,108,15,4,4,0.9125,0.9107,0.9107
1,Tianjun_Dynamic,Pressure,lstm,False,concat,486,298,80,108,15,4,4,0.95,0.95,0.95
1,Tianjun_Dynamic,Pressure,gru,False,concat,486,298,80,108,15,4,4,0.8375,0.8367,0.8367
1,Tianjun_Dynamic,Pressure,cnn,False,concat,486,298,80,108,15,4,4,0.9375,0.9371,0.9371
1,Tianjun_Dynamic,IMU+Pressure,lstm,False,concat,486,298,80,108,15,4,4,0.875,0.8708,0.8708
1,Tianjun_Dynamic,IMU+Pressure,gru,False,concat,486,298,80,108,15,4,4,0.9375,0.9365,0.9365
1,Tianjun_Dynamic,IMU+Pressure,cnn,False,concat,486,298,80,108,15,4,4,0.95,0.9499,0.9499
1,Zongwei_Dynamic,IMU,lstm,False,concat,681,449,80,152,23,4,4,0.975,0.975,0.975
1,Zongwei_Dynamic,IMU,gru,False,concat,681,449,80,152,23,4,4,1.0,1.0,1.0
1,Zongwei_Dynamic,IMU,cnn,False,concat,681,449,80,152,23,4,4,1.0,1.0,1.0
1,Zongwei_Dynamic,Pressure,lstm,False,concat,681,449,80,152,23,4,4,0.975,0.9749,0.9749
1,Zongwei_Dynamic,Pressure,gru,False,concat,681,449,80,152,23,4,4,0.9125,0.9098,0.9098
1,Zongwei_Dynamic,Pressure,cnn,False,concat,681,449,80,152,23,4,4,1.0,1.0,1.0
1,Zongwei_Dynamic,IMU+Pressure,lstm,False,concat,681,449,80,152,23,4,4,1.0,1.0,1.0
1,Zongwei_Dynamic,IMU+Pressure,gru,False,concat,681,449,80,152,23,4,4,1.0,1.0,1.0
1,Zongwei_Dynamic,IMU+Pressure,cnn,False,concat,681,449,80,152,23,4,4,1.0,1.0,1.0
2,Andy_Dynamic,IMU,lstm,False,concat,424,250,80,94,13,4,4,1.0,1.0,1.0
2,Andy_Dynamic,IMU,gru,False,concat,424,250,80,94,13,4,4,0.95,0.9496,0.9496
2,Andy_Dynamic,IMU,cnn,False,concat,424,250,80,94,13,4,4,1.0,1.0,1.0
2,Andy_Dynamic,Pressure,lstm,False,concat,424,250,80,94,13,4,4,0.95,0.9492,0.9492
2,Andy_Dynamic,Pressure,gru,False,concat,424,250,80,94,13,4,4,0.9875,0.9875,0.9875
2,Andy_Dynamic,Pressure,cnn,False,concat,424,250,80,94,13,4,4,0.975,0.9749,0.9749
2,Andy_Dynamic,IMU+Pressure,lstm,False,concat,424,250,80,94,13,4,4,0.9875,0.9875,0.9875
2,Andy_Dynamic,IMU+Pressure,gru,False,concat,424,250,80,94,13,4,4,0.9625,0.9624,0.9624
2,Andy_Dynamic,IMU+Pressure,cnn,False,concat,424,250,80,94,13,4,4,0.975,0.9749,0.9749
2,Ankan_Dynamic,IMU,lstm,False,concat,528,320,80,128,16,4,4,1.0,1.0,1.0
2,Ankan_Dynamic,IMU,gru,False,concat,528,320,80,128,16,4,4,0.9375,0.9373,0.9373
2,Ankan_Dynamic,IMU,cnn,False,concat,528,320,80,128,16,4,4,1.0,1.0,1.0
2,Ankan_Dynamic,Pressure,lstm,False,concat,528,320,80,128,16,4,4,0.9375,0.9375,0.9375
2,Ankan_Dynamic,Pressure,gru,False,concat,528,320,80,128,16,4,4,0.8625,0.8615,0.8615
2,Ankan_Dynamic,Pressure,cnn,False,concat,528,320,80,128,16,4,4,0.975,0.9749,0.9749
2,Ankan_Dynamic,IMU+Pressure,lstm,False,concat,528,320,80,128,16,4,4,0.95,0.9505,0.9505
2,Ankan_Dynamic,IMU+Pressure,gru,False,concat,528,320,80,128,16,4,4,0.9375,0.9385,0.9385
2,Ankan_Dynamic,IMU+Pressure,cnn,False,concat,528,320,80,128,16,4,4,0.975,0.9749,0.9749
2,David_Dynamic,IMU,lstm,False,concat,507,320,80,107,16,4,4,0.975,0.9749,0.9749
2,David_Dynamic,IMU,gru,False,concat,507,320,80,107,16,4,4,0.9125,0.9087,0.9087
2,David_Dynamic,IMU,cnn,False,concat,507,320,80,107,16,4,4,0.9625,0.9617,0.9617
2,David_Dynamic,Pressure,lstm,False,concat,507,320,80,107,16,4,4,1.0,1.0,1.0
2,David_Dynamic,Pressure,gru,False,concat,507,320,80,107,16,4,4,1.0,1.0,1.0
2,David_Dynamic,Pressure,cnn,False,concat,507,320,80,107,16,4,4,0.9875,0.9875,0.9875
2,David_Dynamic,IMU+Pressure,lstm,False,concat,507,320,80,107,16,4,4,0.9875,0.9875,0.9875
2,David_Dynamic,IMU+Pressure,gru,False,concat,507,320,80,107,16,4,4,1.0,1.0,1.0
2,David_Dynamic,IMU+Pressure,cnn,False,concat,507,320,80,107,16,4,4,1.0,1.0,1.0
2,Hrithik_Dynamic,IMU,lstm,False,concat,481,292,80,109,15,4,4,1.0,1.0,1.0
2,Hrithik_Dynamic,IMU,gru,False,concat,481,292,80,109,15,4,4,0.975,0.9746,0.9746
2,Hrithik_Dynamic,IMU,cnn,False,concat,481,292,80,109,15,4,4,1.0,1.0,1.0
2,Hrithik_Dynamic,Pressure,lstm,False,concat,481,292,80,109,15,4,4,0.9625,0.9628,0.9628
2,Hrithik_Dynamic,Pressure,gru,False,concat,481,292,80,109,15,4,4,0.9375,0.937,0.937
2,Hrithik_Dynamic,Pressure,cnn,False,concat,481,292,80,109,15,4,4,1.0,1.0,1.0
2,Hrithik_Dynamic,IMU+Pressure,lstm,False,concat,481,292,80,109,15,4,4,1.0,1.0,1.0
2,Hrithik_Dynamic,IMU+Pressure,gru,False,concat,481,292,80,109,15,4,4,0.9875,0.9875,0.9875
2,Hrithik_Dynamic,IMU+Pressure,cnn,False,concat,481,292,80,109,15,4,4,0.9875,0.9875,0.9875
2,JJ_Dynamic,IMU,lstm,False,concat,480,310,74,96,16,4,4,0.9595,0.9526,0.9584
2,JJ_Dynamic,IMU,gru,False,concat,480,310,74,96,16,4,4,0.9595,0.952,0.9578
2,JJ_Dynamic,IMU,cnn,False,concat,480,310,74,96,16,4,4,1.0,1.0,1.0
2,JJ_Dynamic,Pressure,lstm,False,concat,480,310,74,96,16,4,4,0.9189,0.8992,0.9132
2,JJ_Dynamic,Pressure,gru,False,concat,480,310,74,96,16,4,4,0.9459,0.9441,0.9458
2,JJ_Dynamic,Pressure,cnn,False,concat,480,310,74,96,16,4,4,0.9865,0.9846,0.9864
2,JJ_Dynamic,IMU+Pressure,lstm,False,concat,480,310,74,96,16,4,4,0.9865,0.9846,0.9864
2,JJ_Dynamic,IMU+Pressure,gru,False,concat,480,310,74,96,16,4,4,0.973,0.9689,0.9726
2,JJ_Dynamic,IMU+Pressure,cnn,False,concat,480,310,74,96,16,4,4,0.9865,0.9846,0.9864
2,Mustafa_Dynamic,IMU,lstm,False,concat,563,355,79,129,18,4,4,1.0,1.0,1.0
2,Mustafa_Dynamic,IMU,gru,False,concat,563,355,79,129,18,4,4,1.0,1.0,1.0
2,Mustafa_Dynamic,IMU,cnn,False,concat,563,355,79,129,18,4,4,1.0,1.0,1.0
2,Mustafa_Dynamic,Pressure,lstm,False,concat,563,355,79,129,18,4,4,0.9873,0.9871,0.9873
2,Mustafa_Dynamic,Pressure,gru,False,concat,563,355,79,129,18,4,4,0.9114,0.9084,0.9096
2,Mustafa_Dynamic,Pressure,cnn,False,concat,563,355,79,129,18,4,4,1.0,1.0,1.0
2,Mustafa_Dynamic,IMU+Pressure,lstm,False,concat,563,355,79,129,18,4,4,1.0,1.0,1.0
2,Mustafa_Dynamic,IMU+Pressure,gru,False,concat,563,355,79,129,18,4,4,1.0,1.0,1.0
2,Mustafa_Dynamic,IMU+Pressure,cnn,False,concat,563,355,79,129,18,4,4,1.0,1.0,1.0
2,Rezoan_Dynamic,IMU,lstm,False,concat,456,279,80,97,14,4,4,0.925,0.924,0.924
2,Rezoan_Dynamic,IMU,gru,False,concat,456,279,80,97,14,4,4,0.8375,0.8291,0.8291
2,Rezoan_Dynamic,IMU,cnn,False,concat,456,279,80,97,14,4,4,0.95,0.9495,0.9495
2,Rezoan_Dynamic,Pressure,lstm,False,concat,456,279,80,97,14,4,4,0.9375,0.9365,0.9365
2,Rezoan_Dynamic,Pressure,gru,False,concat,456,279,80,97,14,4,4,0.8875,0.885,0.885
2,Rezoan_Dynamic,Pressure,cnn,False,concat,456,279,80,97,14,4,4,0.9875,0.9875,0.9875
2,Rezoan_Dynamic,IMU+Pressure,lstm,False,concat,456,279,80,97,14,4,4,0.925,0.924,0.924
2,Rezoan_Dynamic,IMU+Pressure,gru,False,concat,456,279,80,97,14,4,4,0.975,0.9749,0.9749
2,Rezoan_Dynamic,IMU+Pressure,cnn,False,concat,456,279,80,97,14,4,4,0.9375,0.9371,0.9371
2,Sudipta_Dynamic,IMU,lstm,False,concat,560,350,72,138,18,4,4,1.0,1.0,1.0
2,Sudipta_Dynamic,IMU,gru,False,concat,560,350,72,138,18,4,4,1.0,1.0,1.0
2,Sudipta_Dynamic,IMU,cnn,False,concat,560,350,72,138,18,4,4,1.0,1.0,1.0
2,Sudipta_Dynamic,Pressure,lstm,False,concat,560,350,72,138,18,4,4,0.9722,0.9711,0.9723
2,Sudipta_Dynamic,Pressure,gru,False,concat,560,350,72,138,18,4,4,0.9861,0.9836,0.9862
2,Sudipta_Dynamic,Pressure,cnn,False,concat,560,350,72,138,18,4,4,0.9861,0.9836,0.9862
2,Sudipta_Dynamic,IMU+Pressure,lstm,False,concat,560,350,72,138,18,4,4,1.0,1.0,1.0
2,Sudipta_Dynamic,IMU+Pressure,gru,False,concat,560,350,72,138,18,4,4,0.9861,0.9875,0.9861
2,Sudipta_Dynamic,IMU+Pressure,cnn,False,concat,560,350,72,138,18,4,4,1.0,1.0,1.0
2,Tianjun_Dynamic,IMU,lstm,False,concat,486,298,80,108,15,4,4,0.7,0.6574,0.6574
2,Tianjun_Dynamic,IMU,gru,False,concat,486,298,80,108,15,4,4,0.7625,0.7446,0.7446
2,Tianjun_Dynamic,IMU,cnn,False,concat,486,298,80,108,15,4,4,0.9375,0.9362,0.9362
2,Tianjun_Dynamic,Pressure,lstm,False,concat,486,298,80,108,15,4,4,0.875,0.8736,0.8736
2,Tianjun_Dynamic,Pressure,gru,False,concat,486,298,80,108,15,4,4,0.85,0.8479,0.8479
2,Tianjun_Dynamic,Pressure,cnn,False,concat,486,298,80,108,15,4,4,0.9125,0.9109,0.9109
2,Tianjun_Dynamic,IMU+Pressure,lstm,False,concat,486,298,80,108,15,4,4,0.875,0.8722,0.8722
2,Tianjun_Dynamic,IMU+Pressure,gru,False,concat,486,298,80,108,15,4,4,0.85,0.8448,0.8448
2,Tianjun_Dynamic,IMU+Pressure,cnn,False,concat,486,298,80,108,15,4,4,0.9625,0.9625,0.9625
2,Zongwei_Dynamic,IMU,lstm,False,concat,681,449,80,152,23,4,4,1.0,1.0,1.0
2,Zongwei_Dynamic,IMU,gru,False,concat,681,449,80,152,23,4,4,1.0,1.0,1.0
2,Zongwei_Dynamic,IMU,cnn,False,concat,681,449,80,152,23,4,4,1.0,1.0,1.0
2,Zongwei_Dynamic,Pressure,lstm,False,concat,681,449,80,152,23,4,4,0.975,0.9753,0.9753
2,Zongwei_Dynamic,Pressure,gru,False,concat,681,449,80,152,23,4,4,1.0,1.0,1.0
2,Zongwei_Dynamic,Pressure,cnn,False,concat,681,449,80,152,23,4,4,0.9875,0.9875,0.9875
2,Zongwei_Dynamic,IMU+Pressure,lstm,False,concat,681,449,80,152,23,4,4,1.0,1.0,1.0
2,Zongwei_Dynamic,IMU+Pressure,gru,False,concat,681,449,80,152,23,4,4,0.9875,0.9875,0.9875
2,Zongwei_Dynamic,IMU+Pressure,cnn,False,concat,681,449,80,152,23,4,4,0.9875,0.9875,0.9875
3,Andy_Dynamic,IMU,lstm,False,concat,424,260,70,94,13,4,4,0.9429,0.9298,0.9432
3,Andy_Dynamic,IMU,gru,False,concat,424,260,70,94,13,4,4,0.9429,0.932,0.9437
3,Andy_Dynamic,IMU,cnn,False,concat,424,260,70,94,13,4,4,0.9857,0.982,0.9855
3,Andy_Dynamic,Pressure,lstm,False,concat,424,260,70,94,13,4,4,0.8429,0.8302,0.8268
3,Andy_Dynamic,Pressure,gru,False,concat,424,260,70,94,13,4,4,0.8429,0.8236,0.8482
3,Andy_Dynamic,Pressure,cnn,False,concat,424,260,70,94,13,4,4,0.9286,0.9309,0.9288
3,Andy_Dynamic,IMU+Pressure,lstm,False,concat,424,260,70,94,13,4,4,0.9714,0.9648,0.9714
3,Andy_Dynamic,IMU+Pressure,gru,False,concat,424,260,70,94,13,4,4,0.9857,0.982,0.9855
3,Andy_Dynamic,IMU+Pressure,cnn,False,concat,424,260,70,94,13,4,4,0.9857,0.9871,0.9857
3,Ankan_Dynamic,IMU,lstm,False,concat,528,320,80,128,16,4,4,0.9375,0.9365,0.9365
3,Ankan_Dynamic,IMU,gru,False,concat,528,320,80,128,16,4,4,0.9125,0.9073,0.9073
3,Ankan_Dynamic,IMU,cnn,False,concat,528,320,80,128,16,4,4,0.95,0.9484,0.9484
3,Ankan_Dynamic,Pressure,lstm,False,concat,528,320,80,128,16,4,4,0.875,0.8746,0.8746
3,Ankan_Dynamic,Pressure,gru,False,concat,528,320,80,128,16,4,4,0.8,0.7966,0.7966
3,Ankan_Dynamic,Pressure,cnn,False,concat,528,320,80,128,16,4,4,0.925,0.924,0.924
3,Ankan_Dynamic,IMU+Pressure,lstm,False,concat,528,320,80,128,16,4,4,0.95,0.9481,0.9481
3,Ankan_Dynamic,IMU+Pressure,gru,False,concat,528,320,80,128,16,4,4,0.875,0.8757,0.8757
3,Ankan_Dynamic,IMU+Pressure,cnn,False,concat,528,320,80,128,16,4,4,0.925,0.924,0.924
3,David_Dynamic,IMU,lstm,False,concat,507,320,80,107,16,4,4,0.925,0.9238,0.9238
3,David_Dynamic,IMU,gru,False,concat,507,320,80,107,16,4,4,0.8375,0.8296,0.8296
3,David_Dynamic,IMU,cnn,False,concat,507,320,80,107,16,4,4,0.95,0.9498,0.9498
3,David_Dynamic,Pressure,lstm,False,concat,507,320,80,107,16,4,4,0.9875,0.9875,0.9875
3,David_Dynamic,Pressure,gru,False,concat,507,320,80,107,16,4,4,0.9375,0.9375,0.9375
3,David_Dynamic,Pressure,cnn,False,concat,507,320,80,107,16,4,4,0.9875,0.9875,0.9875
3,David_Dynamic,IMU+Pressure,lstm,False,concat,507,320,80,107,16,4,4,1.0,1.0,1.0
3,David_Dynamic,IMU+Pressure,gru,False,concat,507,320,80,107,16,4,4,1.0,1.0,1.0
3,David_Dynamic,IMU+Pressure,cnn,False,concat,507,320,80,107,16,4,4,1.0,1.0,1.0
3,Hrithik_Dynamic,IMU,lstm,False,concat,481,292,80,109,15,4,4,0.95,0.9495,0.9495
3,Hrithik_Dynamic,IMU,gru,False,concat,481,292,80,109,15,4,4,0.975,0.9749,0.9749
3,Hrithik_Dynamic,IMU,cnn,False,concat,481,292,80,109,15,4,4,0.975,0.9746,0.9746
3,Hrithik_Dynamic,Pressure,lstm,False,concat,481,292,80,109,15,4,4,0.95,0.9495,0.9495
3,Hrithik_Dynamic,Pressure,gru,False,concat,481,292,80,109,15,4,4,0.9375,0.9363,0.9363
3,Hrithik_Dynamic,Pressure,cnn,False,concat,481,292,80,109,15,4,4,0.975,0.9749,0.9749
3,Hrithik_Dynamic,IMU+Pressure,lstm,False,concat,481,292,80,109,15,4,4,1.0,1.0,1.0
3,Hrithik_Dynamic,IMU+Pressure,gru,False,concat,481,292,80,109,15,4,4,0.975,0.9749,0.9749
3,Hrithik_Dynamic,IMU+Pressure,cnn,False,concat,481,292,80,109,15,4,4,1.0,1.0,1.0
3,JJ_Dynamic,IMU,lstm,False,concat,480,304,80,96,16,4,4,0.975,0.9749,0.9749
3,JJ_Dynamic,IMU,gru,False,concat,480,304,80,96,16,4,4,0.925,0.9246,0.9246
3,JJ_Dynamic,IMU,cnn,False,concat,480,304,80,96,16,4,4,0.9875,0.9875,0.9875
3,JJ_Dynamic,Pressure,lstm,False,concat,480,304,80,96,16,4,4,0.975,0.9753,0.9753
3,JJ_Dynamic,Pressure,gru,False,concat,480,304,80,96,16,4,4,0.95,0.9506,0.9506
3,JJ_Dynamic,Pressure,cnn,False,concat,480,304,80,96,16,4,4,0.95,0.9505,0.9505
3,JJ_Dynamic,IMU+Pressure,lstm,False,concat,480,304,80,96,16,4,4,0.9875,0.9875,0.9875
3,JJ_Dynamic,IMU+Pressure,gru,False,concat,480,304,80,96,16,4,4,0.975,0.975,0.975
3,JJ_Dynamic,IMU+Pressure,cnn,False,concat,480,304,80,96,16,4,4,0.9875,0.9875,0.9875
3,Mustafa_Dynamic,IMU,lstm,False,concat,563,354,80,129,18,4,4,1.0,1.0,1.0
3,Mustafa_Dynamic,IMU,gru,False,concat,563,354,80,129,18,4,4,1.0,1.0,1.0
3,Mustafa_Dynamic,IMU,cnn,False,concat,563,354,80,129,18,4,4,1.0,1.0,1.0
3,Mustafa_Dynamic,Pressure,lstm,False,concat,563,354,80,129,18,4,4,0.9625,0.9622,0.9622
3,Mustafa_Dynamic,Pressure,gru,False,concat,563,354,80,129,18,4,4,0.95,0.95,0.95
3,Mustafa_Dynamic,Pressure,cnn,False,concat,563,354,80,129,18,4,4,1.0,1.0,1.0
3,Mustafa_Dynamic,IMU+Pressure,lstm,False,concat,563,354,80,129,18,4,4,1.0,1.0,1.0
3,Mustafa_Dynamic,IMU+Pressure,gru,False,concat,563,354,80,129,18,4,4,1.0,1.0,1.0
3,Mustafa_Dynamic,IMU+Pressure,cnn,False,concat,563,354,80,129,18,4,4,1.0,1.0,1.0
3,Rezoan_Dynamic,IMU,lstm,False,concat,456,279,80,97,14,4,4,0.9125,0.9123,0.9123
3,Rezoan_Dynamic,IMU,gru,False,concat,456,279,80,97,14,4,4,0.9,0.9002,0.9002
3,Rezoan_Dynamic,IMU,cnn,False,concat,456,279,80,97,14,4,4,1.0,1.0,1.0
3,Rezoan_Dynamic,Pressure,lstm,False,concat,456,279,80,97,14,4,4,0.9625,0.9625,0.9625
3,Rezoan_Dynamic,Pressure,gru,False,concat,456,279,80,97,14,4,4,0.9625,0.9625,0.9625
3,Rezoan_Dynamic,Pressure,cnn,False,concat,456,279,80,97,14,4,4,1.0,1.0,1.0
3,Rezoan_Dynamic,IMU+Pressure,lstm,False,concat,456,279,80,97,14,4,4,1.0,1.0,1.0
3,Rezoan_Dynamic,IMU+Pressure,gru,False,concat,456,279,80,97,14,4,4,0.975,0.975,0.975
3,Rezoan_Dynamic,IMU+Pressure,cnn,False,concat,456,279,80,97,14,4,4,1.0,1.0,1.0
3,Sudipta_Dynamic,IMU,lstm,False,concat,560,342,80,138,18,4,4,1.0,1.0,1.0
3,Sudipta_Dynamic,IMU,gru,False,concat,560,342,80,138,18,4,4,1.0,1.0,1.0
3,Sudipta_Dynamic,IMU,cnn,False,concat,560,342,80,138,18,4,4,1.0,1.0,1.0
3,Sudipta_Dynamic,Pressure,lstm,False,concat,560,342,80,138,18,4,4,0.9,0.8989,0.8989
3,Sudipta_Dynamic,Pressure,gru,False,concat,560,342,80,138,18,4,4,0.875,0.871,0.871
3,Sudipta_Dynamic,Pressure,cnn,False,concat,560,342,80,138,18,4,4,0.95,0.9506,0.9506
3,Sudipta_Dynamic,IMU+Pressure,lstm,False,concat,560,342,80,138,18,4,4,1.0,1.0,1.0
3,Sudipta_Dynamic,IMU+Pressure,gru,False,concat,560,342,80,138,18,4,4,1.0,1.0,1.0
3,Sudipta_Dynamic,IMU+Pressure,cnn,False,concat,560,342,80,138,18,4,4,1.0,1.0,1.0
3,Tianjun_Dynamic,IMU,lstm,False,concat,486,298,80,108,15,4,4,0.9375,0.9373,0.9373
3,Tianjun_Dynamic,IMU,gru,False,concat,486,298,80,108,15,4,4,0.85,0.8328,0.8328
3,Tianjun_Dynamic,IMU,cnn,False,concat,486,298,80,108,15,4,4,0.825,0.7955,0.7955
3,Tianjun_Dynamic,Pressure,lstm,False,concat,486,298,80,108,15,4,4,0.8625,0.8569,0.8569
3,Tianjun_Dynamic,Pressure,gru,False,concat,486,298,80,108,15,4,4,0.9,0.8978,0.8978
3,Tianjun_Dynamic,Pressure,cnn,False,concat,486,298,80,108,15,4,4,0.925,0.9244,0.9244
3,Tianjun_Dynamic,IMU+Pressure,lstm,False,concat,486,298,80,108,15,4,4,0.9,0.8942,0.8942
3,Tianjun_Dynamic,IMU+Pressure,gru,False,concat,486,298,80,108,15,4,4,0.9625,0.9623,0.9623
3,Tianjun_Dynamic,IMU+Pressure,cnn,False,concat,486,298,80,108,15,4,4,0.975,0.975,0.975
3,Zongwei_Dynamic,IMU,lstm,False,concat,681,460,69,152,23,4,4,0.971,0.9714,0.9707
3,Zongwei_Dynamic,IMU,gru,False,concat,681,460,69,152,23,4,4,0.9565,0.9513,0.9557
3,Zongwei_Dynamic,IMU,cnn,False,concat,681,460,69,152,23,4,4,1.0,1.0,1.0
3,Zongwei_Dynamic,Pressure,lstm,False,concat,681,460,69,152,23,4,4,1.0,1.0,1.0
3,Zongwei_Dynamic,Pressure,gru,False,concat,681,460,69,152,23,4,4,0.942,0.9437,0.942
3,Zongwei_Dynamic,Pressure,cnn,False,concat,681,460,69,152,23,4,4,1.0,1.0,1.0
3,Zongwei_Dynamic,IMU+Pressure,lstm,False,concat,681,460,69,152,23,4,4,0.9855,0.9839,0.9854
3,Zongwei_Dynamic,IMU+Pressure,gru,False,concat,681,460,69,152,23,4,4,1.0,1.0,1.0
3,Zongwei_Dynamic,IMU+Pressure,cnn,False,concat,681,460,69,152,23,4,4,1.0,1.0,1.0
4,Andy_Dynamic,IMU,lstm,False,concat,424,250,80,94,13,4,4,0.8875,0.8803,0.8803
4,Andy_Dynamic,IMU,gru,False,concat,424,250,80,94,13,4,4,0.8375,0.8344,0.8344
4,Andy_Dynamic,IMU,cnn,False,concat,424,250,80,94,13,4,4,0.975,0.9749,0.9749
4,Andy_Dynamic,Pressure,lstm,False,concat,424,250,80,94,13,4,4,0.9375,0.9385,0.9385
4,Andy_Dynamic,Pressure,gru,False,concat,424,250,80,94,13,4,4,0.925,0.9261,0.9261
4,Andy_Dynamic,Pressure,cnn,False,concat,424,250,80,94,13,4,4,0.9,0.8935,0.8935
4,Andy_Dynamic,IMU+Pressure,lstm,False,concat,424,250,80,94,13,4,4,0.9625,0.9628,0.9628
4,Andy_Dynamic,IMU+Pressure,gru,False,concat,424,250,80,94,13,4,4,0.8875,0.8843,0.8843
4,Andy_Dynamic,IMU+Pressure,cnn,False,concat,424,250,80,94,13,4,4,0.95,0.9481,0.9481
4,Ankan_Dynamic,IMU,lstm,False,concat,528,320,80,128,16,4,4,0.925,0.9238,0.9238
4,Ankan_Dynamic,IMU,gru,False,concat,528,320,80,128,16,4,4,0.9,0.8974,0.8974
4,Ankan_Dynamic,IMU,cnn,False,concat,528,320,80,128,16,4,4,0.9125,0.912,0.912
4,Ankan_Dynamic,Pressure,lstm,False,concat,528,320,80,128,16,4,4,0.85,0.8483,0.8483
4,Ankan_Dynamic,Pressure,gru,False,concat,528,320,80,128,16,4,4,0.825,0.8218,0.8218
4,Ankan_Dynamic,Pressure,cnn,False,concat,528,320,80,128,16,4,4,0.9125,0.9112,0.9112
4,Ankan_Dynamic,IMU+Pressure,lstm,False,concat,528,320,80,128,16,4,4,0.7625,0.7523,0.7523
4,Ankan_Dynamic,IMU+Pressure,gru,False,concat,528,320,80,128,16,4,4,0.8,0.7837,0.7837
4,Ankan_Dynamic,IMU+Pressure,cnn,False,concat,528,320,80,128,16,4,4,0.95,0.9487,0.9487
4,David_Dynamic,IMU,lstm,False,concat,507,320,80,107,16,4,4,0.8875,0.8826,0.8826
4,David_Dynamic,IMU,gru,False,concat,507,320,80,107,16,4,4,0.9,0.8941,0.8941
4,David_Dynamic,IMU,cnn,False,concat,507,320,80,107,16,4,4,0.975,0.975,0.975
4,David_Dynamic,Pressure,lstm,False,concat,507,320,80,107,16,4,4,0.9875,0.9875,0.9875
4,David_Dynamic,Pressure,gru,False,concat,507,320,80,107,16,4,4,0.9875,0.9875,0.9875
4,David_Dynamic,Pressure,cnn,False,concat,507,320,80,107,16,4,4,1.0,1.0,1.0
4,David_Dynamic,IMU+Pressure,lstm,False,concat,507,320,80,107,16,4,4,1.0,1.0,1.0
4,David_Dynamic,IMU+Pressure,gru,False,concat,507,320,80,107,16,4,4,1.0,1.0,1.0
4,David_Dynamic,IMU+Pressure,cnn,False,concat,507,320,80,107,16,4,4,0.975,0.975,0.975
4,Hrithik_Dynamic,IMU,lstm,False,concat,481,300,72,109,15,4,4,0.9861,0.9875,0.9861
4,Hrithik_Dynamic,IMU,gru,False,concat,481,300,72,109,15,4,4,0.9444,0.951,0.9455
4,Hrithik_Dynamic,IMU,cnn,False,concat,481,300,72,109,15,4,4,1.0,1.0,1.0
4,Hrithik_Dynamic,Pressure,lstm,False,concat,481,300,72,109,15,4,4,0.9167,0.9177,0.9178
4,Hrithik_Dynamic,Pressure,gru,False,concat,481,300,72,109,15,4,4,0.875,0.8806,0.8765
4,Hrithik_Dynamic,Pressure,cnn,False,concat,481,300,72,109,15,4,4,0.9583,0.9585,0.9588
4,Hrithik_Dynamic,IMU+Pressure,lstm,False,concat,481,300,72,109,15,4,4,1.0,1.0,1.0
4,Hrithik_Dynamic,IMU+Pressure,gru,False,concat,481,300,72,109,15,4,4,0.9444,0.9495,0.9439
4,Hrithik_Dynamic,IMU+Pressure,cnn,False,concat,481,300,72,109,15,4,4,0.9861,0.9875,0.9861
4,JJ_Dynamic,IMU,lstm,False,concat,480,304,80,96,16,4,4,0.9875,0.9875,0.9875
4,JJ_Dynamic,IMU,gru,False,concat,480,304,80,96,16,4,4,0.9,0.8962,0.8962
4,JJ_Dynamic,IMU,cnn,False,concat,480,304,80,96,16,4,4,0.9875,0.9875,0.9875
4,JJ_Dynamic,Pressure,lstm,False,concat,480,304,80,96,16,4,4,0.9625,0.9623,0.9623
4,JJ_Dynamic,Pressure,gru,False,concat,480,304,80,96,16,4,4,0.925,0.924,0.924
4,JJ_Dynamic,Pressure,cnn,False,concat,480,304,80,96,16,4,4,0.9625,0.963,0.963
4,JJ_Dynamic,IMU+Pressure,lstm,False,concat,480,304,80,96,16,4,4,0.9875,0.9875,0.9875
4,JJ_Dynamic,IMU+Pressure,gru,False,concat,480,304,80,96,16,4,4,0.9875,0.9875,0.9875
4,JJ_Dynamic,IMU+Pressure,cnn,False,concat,480,304,80,96,16,4,4,0.9875,0.9875,0.9875
4,Mustafa_Dynamic,IMU,lstm,False,concat,563,354,80,129,18,4,4,1.0,1.0,1.0
4,Mustafa_Dynamic,IMU,gru,False,concat,563,354,80,129,18,4,4,1.0,1.0,1.0
4,Mustafa_Dynamic,IMU,cnn,False,concat,563,354,80,129,18,4,4,1.0,1.0,1.0
4,Mustafa_Dynamic,Pressure,lstm,False,concat,563,354,80,129,18,4,4,1.0,1.0,1.0
4,Mustafa_Dynamic,Pressure,gru,False,concat,563,354,80,129,18,4,4,1.0,1.0,1.0
4,Mustafa_Dynamic,Pressure,cnn,False,concat,563,354,80,129,18,4,4,1.0,1.0,1.0
4,Mustafa_Dynamic,IMU+Pressure,lstm,False,concat,563,354,80,129,18,4,4,1.0,1.0,1.0
4,Mustafa_Dynamic,IMU+Pressure,gru,False,concat,563,354,80,129,18,4,4,1.0,1.0,1.0
4,Mustafa_Dynamic,IMU+Pressure,cnn,False,concat,563,354,80,129,18,4,4,1.0,1.0,1.0
4,Rezoan_Dynamic,IMU,lstm,False,concat,456,279,80,97,14,4,4,0.9625,0.9624,0.9624
4,Rezoan_Dynamic,IMU,gru,False,concat,456,279,80,97,14,4,4,0.9375,0.9365,0.9365
4,Rezoan_Dynamic,IMU,cnn,False,concat,456,279,80,97,14,4,4,0.9625,0.9617,0.9617
4,Rezoan_Dynamic,Pressure,lstm,False,concat,456,279,80,97,14,4,4,0.9875,0.9875,0.9875
4,Rezoan_Dynamic,Pressure,gru,False,concat,456,279,80,97,14,4,4,0.9625,0.9621,0.9621
4,Rezoan_Dynamic,Pressure,cnn,False,concat,456,279,80,97,14,4,4,0.9625,0.9617,0.9617
4,Rezoan_Dynamic,IMU+Pressure,lstm,False,concat,456,279,80,97,14,4,4,0.9875,0.9875,0.9875
4,Rezoan_Dynamic,IMU+Pressure,gru,False,concat,456,279,80,97,14,4,4,0.9625,0.9625,0.9625
4,Rezoan_Dynamic,IMU+Pressure,cnn,False,concat,456,279,80,97,14,4,4,0.9875,0.9875,0.9875
4,Sudipta_Dynamic,IMU,lstm,False,concat,560,342,80,138,18,4,4,1.0,1.0,1.0
4,Sudipta_Dynamic,IMU,gru,False,concat,560,342,80,138,18,4,4,1.0,1.0,1.0
4,Sudipta_Dynamic,IMU,cnn,False,concat,560,342,80,138,18,4,4,1.0,1.0,1.0
4,Sudipta_Dynamic,Pressure,lstm,False,concat,560,342,80,138,18,4,4,0.9875,0.9875,0.9875
4,Sudipta_Dynamic,Pressure,gru,False,concat,560,342,80,138,18,4,4,0.9875,0.9875,0.9875
4,Sudipta_Dynamic,Pressure,cnn,False,concat,560,342,80,138,18,4,4,0.9875,0.9875,0.9875
4,Sudipta_Dynamic,IMU+Pressure,lstm,False,concat,560,342,80,138,18,4,4,1.0,1.0,1.0
4,Sudipta_Dynamic,IMU+Pressure,gru,False,concat,560,342,80,138,18,4,4,1.0,1.0,1.0
4,Sudipta_Dynamic,IMU+Pressure,cnn,False,concat,560,342,80,138,18,4,4,1.0,1.0,1.0
4,Tianjun_Dynamic,IMU,lstm,False,concat,486,298,80,108,15,4,4,0.9875,0.9875,0.9875
4,Tianjun_Dynamic,IMU,gru,False,concat,486,298,80,108,15,4,4,0.9375,0.9373,0.9373
4,Tianjun_Dynamic,IMU,cnn,False,concat,486,298,80,108,15,4,4,0.975,0.975,0.975
4,Tianjun_Dynamic,Pressure,lstm,False,concat,486,298,80,108,15,4,4,0.85,0.8477,0.8477
4,Tianjun_Dynamic,Pressure,gru,False,concat,486,298,80,108,15,4,4,0.8375,0.8374,0.8374
4,Tianjun_Dynamic,Pressure,cnn,False,concat,486,298,80,108,15,4,4,0.9375,0.9376,0.9376
4,Tianjun_Dynamic,IMU+Pressure,lstm,False,concat,486,298,80,108,15,4,4,0.975,0.975,0.975
4,Tianjun_Dynamic,IMU+Pressure,gru,False,concat,486,298,80,108,15,4,4,0.975,0.975,0.975
4,Tianjun_Dynamic,IMU+Pressure,cnn,False,concat,486,298,80,108,15,4,4,0.9625,0.9628,0.9628
4,Zongwei_Dynamic,IMU,lstm,False,concat,681,449,80,152,23,4,4,0.9875,0.9875,0.9875
4,Zongwei_Dynamic,IMU,gru,False,concat,681,449,80,152,23,4,4,0.9875,0.9875,0.9875
4,Zongwei_Dynamic,IMU,cnn,False,concat,681,449,80,152,23,4,4,1.0,1.0,1.0
4,Zongwei_Dynamic,Pressure,lstm,False,concat,681,449,80,152,23,4,4,1.0,1.0,1.0
4,Zongwei_Dynamic,Pressure,gru,False,concat,681,449,80,152,23,4,4,1.0,1.0,1.0
4,Zongwei_Dynamic,Pressure,cnn,False,concat,681,449,80,152,23,4,4,1.0,1.0,1.0
4,Zongwei_Dynamic,IMU+Pressure,lstm,False,concat,681,449,80,152,23,4,4,1.0,1.0,1.0
4,Zongwei_Dynamic,IMU+Pressure,gru,False,concat,681,449,80,152,23,4,4,1.0,1.0,1.0
4,Zongwei_Dynamic,IMU+Pressure,cnn,False,concat,681,449,80,152,23,4,4,1.0,1.0,1.0
5,Andy_Dynamic,IMU,lstm,False,concat,424,251,79,94,13,4,4,0.9241,0.9233,0.9223
5,Andy_Dynamic,IMU,gru,False,concat,424,251,79,94,13,4,4,0.9114,0.9107,0.9096
5,Andy_Dynamic,IMU,cnn,False,concat,424,251,79,94,13,4,4,0.9747,0.975,0.9747
5,Andy_Dynamic,Pressure,lstm,False,concat,424,251,79,94,13,4,4,0.962,0.9618,0.962
5,Andy_Dynamic,Pressure,gru,False,concat,424,251,79,94,13,4,4,0.9747,0.9743,0.9747
5,Andy_Dynamic,Pressure,cnn,False,concat,424,251,79,94,13,4,4,0.9873,0.9871,0.9873
5,Andy_Dynamic,IMU+Pressure,lstm,False,concat,424,251,79,94,13,4,4,1.0,1.0,1.0
5,Andy_Dynamic,IMU+Pressure,gru,False,concat,424,251,79,94,13,4,4,0.9747,0.9743,0.9747
5,Andy_Dynamic,IMU+Pressure,cnn,False,concat,424,251,79,94,13,4,4,0.9747,0.9749,0.975
5,Ankan_Dynamic,IMU,lstm,False,concat,528,320,80,128,16,4,4,0.9875,0.9875,0.9875
5,Ankan_Dynamic,IMU,gru,False,concat,528,320,80,128,16,4,4,0.9125,0.9111,0.9111
5,Ankan_Dynamic,IMU,cnn,False,concat,528,320,80,128,16,4,4,0.9125,0.9097,0.9097
5,Ankan_Dynamic,Pressure,lstm,False,concat,528,320,80,128,16,4,4,0.875,0.8746,0.8746
5,Ankan_Dynamic,Pressure,gru,False,concat,528,320,80,128,16,4,4,0.8625,0.8631,0.8631
5,Ankan_Dynamic,Pressure,cnn,False,concat,528,320,80,128,16,4,4,0.9625,0.9625,0.9625
5,Ankan_Dynamic,IMU+Pressure,lstm,False,concat,528,320,80,128,16,4,4,0.9375,0.9365,0.9365
5,Ankan_Dynamic,IMU+Pressure,gru,False,concat,528,320,80,128,16,4,4,0.925,0.9237,0.9237
5,Ankan_Dynamic,IMU+Pressure,cnn,False,concat,528,320,80,128,16,4,4,0.975,0.9746,0.9746
5,David_Dynamic,IMU,lstm,False,concat,507,320,80,107,16,4,4,0.9625,0.9617,0.9617
5,David_Dynamic,IMU,gru,False,concat,507,320,80,107,16,4,4,0.8375,0.8337,0.8337
5,David_Dynamic,IMU,cnn,False,concat,507,320,80,107,16,4,4,1.0,1.0,1.0
5,David_Dynamic,Pressure,lstm,False,concat,507,320,80,107,16,4,4,0.9875,0.9875,0.9875
5,David_Dynamic,Pressure,gru,False,concat,507,320,80,107,16,4,4,0.975,0.975,0.975
5,David_Dynamic,Pressure,cnn,False,concat,507,320,80,107,16,4,4,1.0,1.0,1.0
5,David_Dynamic,IMU+Pressure,lstm,False,concat,507,320,80,107,16,4,4,1.0,1.0,1.0
5,David_Dynamic,IMU+Pressure,gru,False,concat,507,320,80,107,16,4,4,0.9875,0.9875,0.9875
5,David_Dynamic,IMU+Pressure,cnn,False,concat,507,320,80,107,16,4,4,1.0,1.0,1.0
5,Hrithik_Dynamic,IMU,lstm,False,concat,481,292,80,109,15,4,4,1.0,1.0,1.0
5,Hrithik_Dynamic,IMU,gru,False,concat,481,292,80,109,15,4,4,0.975,0.9749,0.9749
5,Hrithik_Dynamic,IMU,cnn,False,concat,481,292,80,109,15,4,4,1.0,1.0,1.0
5,Hrithik_Dynamic,Pressure,lstm,False,concat,481,292,80,109,15,4,4,0.95,0.9503,0.9503
5,Hrithik_Dynamic,Pressure,gru,False,concat,481,292,80,109,15,4,4,1.0,1.0,1.0
5,Hrithik_Dynamic,Pressure,cnn,False,concat,481,292,80,109,15,4,4,1.0,1.0,1.0
5,Hrithik_Dynamic,IMU+Pressure,lstm,False,concat,481,292,80,109,15,4,4,1.0,1.0,1.0
5,Hrithik_Dynamic,IMU+Pressure,gru,False,concat,481,292,80,109,15,4,4,0.9875,0.9875,0.9875
5,Hrithik_Dynamic,IMU+Pressure,cnn,False,concat,481,292,80,109,15,4,4,1.0,1.0,1.0
5,JJ_Dynamic,IMU,lstm,False,concat,480,309,75,96,16,4,4,0.9867,0.9855,0.9867
5,JJ_Dynamic,IMU,gru,False,concat,480,309,75,96,16,4,4,0.9067,0.9024,0.9074
5,JJ_Dynamic,IMU,cnn,False,concat,480,309,75,96,16,4,4,1.0,1.0,1.0
5,JJ_Dynamic,Pressure,lstm,False,concat,480,309,75,96,16,4,4,0.9467,0.9478,0.9466
5,JJ_Dynamic,Pressure,gru,False,concat,480,309,75,96,16,4,4,0.8667,0.8567,0.8532
5,JJ_Dynamic,Pressure,cnn,False,concat,480,309,75,96,16,4,4,0.9867,0.9853,0.9866
5,JJ_Dynamic,IMU+Pressure,lstm,False,concat,480,309,75,96,16,4,4,0.9867,0.9853,0.9866
5,JJ_Dynamic,IMU+Pressure,gru,False,concat,480,309,75,96,16,4,4,1.0,1.0,1.0
5,JJ_Dynamic,IMU+Pressure,cnn,False,concat,480,309,75,96,16,4,4,0.9867,0.9853,0.9866
5,Mustafa_Dynamic,IMU,lstm,False,concat,563,355,79,129,18,4,4,0.962,0.963,0.9625
5,Mustafa_Dynamic,IMU,gru,False,concat,563,355,79,129,18,4,4,0.9494,0.9486,0.9486
5,Mustafa_Dynamic,IMU,cnn,False,concat,563,355,79,129,18,4,4,0.962,0.9621,0.962
5,Mustafa_Dynamic,Pressure,lstm,False,concat,563,355,79,129,18,4,4,0.9747,0.9743,0.9747
5,Mustafa_Dynamic,Pressure,gru,False,concat,563,355,79,129,18,4,4,0.962,0.9614,0.9616
5,Mustafa_Dynamic,Pressure,cnn,False,concat,563,355,79,129,18,4,4,1.0,1.0,1.0
5,Mustafa_Dynamic,IMU+Pressure,lstm,False,concat,563,355,79,129,18,4,4,0.9241,0.9227,0.9232
5,Mustafa_Dynamic,IMU+Pressure,gru,False,concat,563,355,79,129,18,4,4,0.9494,0.9493,0.9496
5,Mustafa_Dynamic,IMU+Pressure,cnn,False,concat,563,355,79,129,18,4,4,0.962,0.9614,0.9619
5,Rezoan_Dynamic,IMU,lstm,False,concat,456,280,79,97,14,4,4,0.8608,0.8545,0.8551
5,Rezoan_Dynamic,IMU,gru,False,concat,456,280,79,97,14,4,4,0.9114,0.9102,0.9105
5,Rezoan_Dynamic,IMU,cnn,False,concat,456,280,79,97,14,4,4,1.0,1.0,1.0
5,Rezoan_Dynamic,Pressure,lstm,False,concat,456,280,79,97,14,4,4,0.9494,0.9484,0.949
5,Rezoan_Dynamic,Pressure,gru,False,concat,456,280,79,97,14,4,4,0.9241,0.9243,0.9243
5,Rezoan_Dynamic,Pressure,cnn,False,concat,456,280,79,97,14,4,4,0.9873,0.9872,0.9873
5,Rezoan_Dynamic,IMU+Pressure,lstm,False,concat,456,280,79,97,14,4,4,0.9114,0.9081,0.9089
5,Rezoan_Dynamic,IMU+Pressure,gru,False,concat,456,280,79,97,14,4,4,0.9747,0.9743,0.9747
5,Rezoan_Dynamic,IMU+Pressure,cnn,False,concat,456,280,79,97,14,4,4,0.9873,0.9875,0.9873
5,Sudipta_Dynamic,IMU,lstm,False,concat,560,342,80,138,18,4,4,1.0,1.0,1.0
5,Sudipta_Dynamic,IMU,gru,False,concat,560,342,80,138,18,4,4,1.0,1.0,1.0
5,Sudipta_Dynamic,IMU,cnn,False,concat,560,342,80,138,18,4,4,1.0,1.0,1.0
5,Sudipta_Dynamic,Pressure,lstm,False,concat,560,342,80,138,18,4,4,0.9625,0.9624,0.9624
5,Sudipta_Dynamic,Pressure,gru,False,concat,560,342,80,138,18,4,4,0.95,0.9498,0.9498
5,Sudipta_Dynamic,Pressure,cnn,False,concat,560,342,80,138,18,4,4,1.0,1.0,1.0
5,Sudipta_Dynamic,IMU+Pressure,lstm,False,concat,560,342,80,138,18,4,4,1.0,1.0,1.0
5,Sudipta_Dynamic,IMU+Pressure,gru,False,concat,560,342,80,138,18,4,4,1.0,1.0,1.0
5,Sudipta_Dynamic,IMU+Pressure,cnn,False,concat,560,342,80,138,18,4,4,1.0,1.0,1.0
5,Tianjun_Dynamic,IMU,lstm,False,concat,486,300,78,108,15,4,4,0.9744,0.9745,0.9746
5,Tianjun_Dynamic,IMU,gru,False,concat,486,300,78,108,15,4,4,0.9744,0.9745,0.9746
5,Tianjun_Dynamic,IMU,cnn,False,concat,486,300,78,108,15,4,4,1.0,1.0,1.0
5,Tianjun_Dynamic,Pressure,lstm,False,concat,486,300,78,108,15,4,4,0.9103,0.9132,0.911
5,Tianjun_Dynamic,Pressure,gru,False,concat,486,300,78,108,15,4,4,0.9103,0.911,0.9102
5,Tianjun_Dynamic,Pressure,cnn,False,concat,486,300,78,108,15,4,4,0.9487,0.9498,0.9485
5,Tianjun_Dynamic,IMU+Pressure,lstm,False,concat,486,300,78,108,15,4,4,0.9744,0.9736,0.9744
5,Tianjun_Dynamic,IMU+Pressure,gru,False,concat,486,300,78,108,15,4,4,0.9872,0.9875,0.9872
5,Tianjun_Dynamic,IMU+Pressure,cnn,False,concat,486,300,78,108,15,4,4,1.0,1.0,1.0
5,Zongwei_Dynamic,IMU,lstm,False,concat,681,449,80,152,23,4,4,1.0,1.0,1.0
5,Zongwei_Dynamic,IMU,gru,False,concat,681,449,80,152,23,4,4,1.0,1.0,1.0
5,Zongwei_Dynamic,IMU,cnn,False,concat,681,449,80,152,23,4,4,1.0,1.0,1.0
5,Zongwei_Dynamic,Pressure,lstm,False,concat,681,449,80,152,23,4,4,1.0,1.0,1.0
5,Zongwei_Dynamic,Pressure,gru,False,concat,681,449,80,152,23,4,4,1.0,1.0,1.0
5,Zongwei_Dynamic,Pressure,cnn,False,concat,681,449,80,152,23,4,4,1.0,1.0,1.0
5,Zongwei_Dynamic,IMU+Pressure,lstm,False,concat,681,449,80,152,23,4,4,1.0,1.0,1.0
5,Zongwei_Dynamic,IMU+Pressure,gru,False,concat,681,449,80,152,23,4,4,1.0,1.0,1.0
5,Zongwei_Dynamic,IMU+Pressure,cnn,False,concat,681,449,80,152,23,4,4,1.0,1.0,1.0
