subject,config,model,use_features,fold,n_train,n_val,n_test,n_guard,best_epoch,accuracy,macro_f1,weighted_f1
Andy_Dynamic,IMU,lstm,False,1,144,60,84,136,25,0.9524,0.93,0.9486
Andy_Dynamic,IMU,gru,False,1,144,60,84,136,25,0.9048,0.9009,0.9039
Andy_Dynamic,IMU,cnn,False,1,144,60,84,136,21,0.9881,0.984,0.988
Andy_Dynamic,IMU,lstm,False,2,180,48,60,136,25,0.9167,0.9028,0.918
Andy_Dynamic,IMU,gru,False,2,180,48,60,136,25,0.8833,0.8663,0.8844
Andy_Dynamic,IMU,cnn,False,2,180,48,60,136,23,1.0,1.0,1.0
Andy_Dynamic,IMU,lstm,False,3,192,48,48,136,23,0.9375,0.9366,0.9366
Andy_Dynamic,IMU,gru,False,3,192,48,48,136,25,0.8542,0.8431,0.8431
Andy_Dynamic,IMU,cnn,False,3,192,48,48,136,10,0.9792,0.9791,0.9791
Andy_Dynamic,IMU,lstm,False,4,192,48,48,136,25,0.7917,0.7687,0.7687
Andy_Dynamic,IMU,gru,False,4,192,48,48,136,25,0.8958,0.8935,0.8935
Andy_Dynamic,IMU,cnn,False,4,192,48,48,136,5,0.75,0.6518,0.6518
Andy_Dynamic,IMU,lstm,False,5,156,84,48,136,25,0.9375,0.9386,0.9386
Andy_Dynamic,IMU,gru,False,5,156,84,48,136,25,0.875,0.8723,0.8723
Andy_Dynamic,IMU,cnn,False,5,156,84,48,136,25,0.9792,0.9791,0.9791
Andy_Dynamic,Pressure,lstm,False,1,144,60,84,136,17,0.9167,0.9064,0.9169
Andy_Dynamic,Pressure,gru,False,1,144,60,84,136,25,0.9167,0.9,0.9187
Andy_Dynamic,Pressure,cnn,False,1,144,60,84,136,8,0.869,0.8626,0.8689
Andy_Dynamic,Pressure,lstm,False,2,180,48,60,136,25,0.9333,0.9227,0.9339
Andy_Dynamic,Pressure,gru,False,2,180,48,60,136,24,0.9667,0.958,0.9664
Andy_Dynamic,Pressure,cnn,False,2,180,48,60,136,25,0.9833,0.9791,0.9833
Andy_Dynamic,Pressure,lstm,False,3,192,48,48,136,19,0.9583,0.958,0.958
Andy_Dynamic,Pressure,gru,False,3,192,48,48,136,23,0.9792,0.9791,0.9791
Andy_Dynamic,Pressure,cnn,False,3,192,48,48,136,11,0.9583,0.9573,0.9573
Andy_Dynamic,Pressure,lstm,False,4,192,48,48,136,19,0.9167,0.9175,0.9175
Andy_Dynamic,Pressure,gru,False,4,192,48,48,136,23,0.9375,0.9373,0.9373
Andy_Dynamic,Pressure,cnn,False,4,192,48,48,136,7,0.9375,0.9375,0.9375
Andy_Dynamic,Pressure,lstm,False,5,156,84,48,136,19,0.9792,0.9791,0.9791
Andy_Dynamic,Pressure,gru,False,5,156,84,48,136,24,1.0,1.0,1.0
Andy_Dynamic,Pressure,cnn,False,5,156,84,48,136,3,0.9792,0.9791,0.9791
Andy_Dynamic,IMU+Pressure,lstm,False,1,144,60,84,136,25,0.9048,0.8954,0.9043
Andy_Dynamic,IMU+Pressure,gru,False,1,144,60,84,136,25,0.881,0.8547,0.8815
Andy_Dynamic,IMU+Pressure,cnn,False,1,144,60,84,136,8,0.9405,0.9312,0.94
Andy_Dynamic,IMU+Pressure,lstm,False,2,180,48,60,136,25,0.9833,0.9847,0.9835
Andy_Dynamic,IMU+Pressure,gru,False,2,180,48,60,136,25,0.95,0.9491,0.9506
Andy_Dynamic,IMU+Pressure,cnn,False,2,180,48,60,136,11,0.95,0.9351,0.948
Andy_Dynamic,IMU+Pressure,lstm,False,3,192,48,48,136,25,0.9792,0.9791,0.9791
Andy_Dynamic,IMU+Pressure,gru,False,3,192,48,48,136,25,0.9792,0.9791,0.9791
Andy_Dynamic,IMU+Pressure,cnn,False,3,192,48,48,136,11,1.0,1.0,1.0
Andy_Dynamic,IMU+Pressure,lstm,False,4,192,48,48,136,25,0.9583,0.9583,0.9583
Andy_Dynamic,IMU+Pressure,gru,False,4,192,48,48,136,25,0.875,0.8741,0.8741
Andy_Dynamic,IMU+Pressure,cnn,False,4,192,48,48,136,6,0.9375,0.9372,0.9372
Andy_Dynamic,IMU+Pressure,lstm,False,5,156,84,48,136,25,1.0,1.0,1.0
Andy_Dynamic,IMU+Pressure,gru,False,5,156,84,48,136,25,0.9792,0.9791,0.9791
Andy_Dynamic,IMU+Pressure,cnn,False,5,156,84,48,136,8,1.0,1.0,1.0
Ankan_Dynamic,IMU,lstm,False,1,164,96,96,172,25,0.6979,0.6796,0.6796
Ankan_Dynamic,IMU,gru,False,1,164,96,96,172,24,0.7604,0.7559,0.7559
Ankan_Dynamic,IMU,cnn,False,1,164,96,96,172,25,0.8854,0.8823,0.8823
Ankan_Dynamic,IMU,lstm,False,2,192,68,96,172,24,0.9167,0.9163,0.9163
Ankan_Dynamic,IMU,gru,False,2,192,68,96,172,25,0.8854,0.885,0.885
Ankan_Dynamic,IMU,cnn,False,2,192,68,96,172,4,0.6354,0.6238,0.6238
Ankan_Dynamic,IMU,lstm,False,3,240,48,68,172,25,0.9853,0.9847,0.9854
Ankan_Dynamic,IMU,gru,False,3,240,48,68,172,25,0.9706,0.9732,0.9707
Ankan_Dynamic,IMU,cnn,False,3,240,48,68,172,19,0.9706,0.9732,0.9707
Ankan_Dynamic,IMU,lstm,False,4,260,48,48,172,22,0.75,0.7407,0.7407
Ankan_Dynamic,IMU,gru,False,4,260,48,48,172,25,0.8125,0.7999,0.7999
Ankan_Dynamic,IMU,cnn,False,4,260,48,48,172,14,0.8958,0.896,0.896
Ankan_Dynamic,IMU,lstm,False,5,212,96,48,172,24,0.9583,0.958,0.958
Ankan_Dynamic,IMU,gru,False,5,212,96,48,172,23,0.9583,0.9583,0.9583
Ankan_Dynamic,IMU,cnn,False,5,212,96,48,172,11,0.9167,0.9143,0.9143
Ankan_Dynamic,Pressure,lstm,False,1,164,96,96,172,23,0.7292,0.7234,0.7234
Ankan_Dynamic,Pressure,gru,False,1,164,96,96,172,25,0.5729,0.5815,0.5815
Ankan_Dynamic,Pressure,cnn,False,1,164,96,96,172,9,0.9375,0.9386,0.9386
Ankan_Dynamic,Pressure,lstm,False,2,192,68,96,172,22,0.9479,0.9479,0.9479
Ankan_Dynamic,Pressure,gru,False,2,192,68,96,172,25,0.8125,0.8039,0.8039
Ankan_Dynamic,Pressure,cnn,False,2,192,68,96,172,13,0.9271,0.9256,0.9256
Ankan_Dynamic,Pressure,lstm,False,3,240,48,68,172,24,0.8529,0.8454,0.8544
Ankan_Dynamic,Pressure,gru,False,3,240,48,68,172,25,0.7941,0.7778,0.7903
Ankan_Dynamic,Pressure,cnn,False,3,240,48,68,172,9,0.9706,0.973,0.9704
Ankan_Dynamic,Pressure,lstm,False,4,260,48,48,172,13,0.8125,0.7972,0.7972
Ankan_Dynamic,Pressure,gru,False,4,260,48,48,172,23,0.9375,0.9383,0.9383
Ankan_Dynamic,Pressure,cnn,False,4,260,48,48,172,8,1.0,1.0,1.0
Ankan_Dynamic,Pressure,lstm,False,5,212,96,48,172,20,0.8333,0.8284,0.8284
Ankan_Dynamic,Pressure,gru,False,5,212,96,48,172,24,0.7083,0.6911,0.6911
Ankan_Dynamic,Pressure,cnn,False,5,212,96,48,172,3,0.8125,0.7948,0.7948
Ankan_Dynamic,IMU+Pressure,lstm,False,1,164,96,96,172,25,0.7812,0.7706,0.7706
Ankan_Dynamic,IMU+Pressure,gru,False,1,164,96,96,172,25,0.8229,0.8263,0.8263
Ankan_Dynamic,IMU+Pressure,cnn,False,1,164,96,96,172,8,0.9271,0.9269,0.9269
Ankan_Dynamic,IMU+Pressure,lstm,False,2,192,68,96,172,25,0.8854,0.8839,0.8839
Ankan_Dynamic,IMU+Pressure,gru,False,2,192,68,96,172,25,0.8542,0.8466,0.8466
Ankan_Dynamic,IMU+Pressure,cnn,False,2,192,68,96,172,13,0.9583,0.9573,0.9573
Ankan_Dynamic,IMU+Pressure,lstm,False,3,240,48,68,172,25,0.9412,0.9446,0.941
Ankan_Dynamic,IMU+Pressure,gru,False,3,240,48,68,172,25,0.9706,0.9717,0.9703
Ankan_Dynamic,IMU+Pressure,cnn,False,3,240,48,68,172,11,0.9706,0.973,0.9704
Ankan_Dynamic,IMU+Pressure,lstm,False,4,260,48,48,172,24,1.0,1.0,1.0
Ankan_Dynamic,IMU+Pressure,gru,False,4,260,48,48,172,25,0.9375,0.9366,0.9366
Ankan_Dynamic,IMU+Pressure,cnn,False,4,260,48,48,172,6,1.0,1.0,1.0
Ankan_Dynamic,IMU+Pressure,lstm,False,5,212,96,48,172,25,0.8958,0.8934,0.8934
Ankan_Dynamic,IMU+Pressure,gru,False,5,212,96,48,172,23,0.8542,0.8467,0.8467
Ankan_Dynamic,IMU+Pressure,cnn,False,5,212,96,48,172,2,0.9375,0.9365,0.9365
David_Dynamic,IMU,lstm,False,1,144,96,96,171,25,0.8021,0.8064,0.8064
David_Dynamic,IMU,gru,False,1,144,96,96,171,25,0.6979,0.6739,0.6739
David_Dynamic,IMU,cnn,False,1,144,96,96,171,25,0.8542,0.8505,0.8505
David_Dynamic,IMU,lstm,False,2,192,48,96,171,25,0.9062,0.9036,0.9036
David_Dynamic,IMU,gru,False,2,192,48,96,171,19,0.7917,0.7914,0.7914
David_Dynamic,IMU,cnn,False,2,192,48,96,171,24,0.9271,0.9248,0.9248
David_Dynamic,IMU,lstm,False,3,240,48,48,171,23,0.8125,0.8095,0.8095
David_Dynamic,IMU,gru,False,3,240,48,48,171,25,0.75,0.7304,0.7304
David_Dynamic,IMU,cnn,False,3,240,48,48,171,15,0.8958,0.8911,0.8911
David_Dynamic,IMU,lstm,False,4,240,48,48,171,24,0.8958,0.8949,0.8949
David_Dynamic,IMU,gru,False,4,240,48,48,171,25,0.8333,0.832,0.832
David_Dynamic,IMU,cnn,False,4,240,48,48,171,25,0.7917,0.789,0.789
David_Dynamic,IMU,lstm,False,5,192,96,48,171,25,0.7708,0.7834,0.7834
David_Dynamic,IMU,gru,False,5,192,96,48,171,25,0.7708,0.7794,0.7794
David_Dynamic,IMU,cnn,False,5,192,96,48,171,4,0.4167,0.3141,0.3141
David_Dynamic,Pressure,lstm,False,1,144,96,96,171,22,0.8542,0.848,0.848
David_Dynamic,Pressure,gru,False,1,144,96,96,171,25,0.8333,0.8328,0.8328
David_Dynamic,Pressure,cnn,False,1,144,96,96,171,8,1.0,1.0,1.0
David_Dynamic,Pressure,lstm,False,2,192,48,96,171,18,0.9062,0.9056,0.9056
David_Dynamic,Pressure,gru,False,2,192,48,96,171,23,0.9792,0.9789,0.9789
David_Dynamic,Pressure,cnn,False,2,192,48,96,171,13,0.9688,0.9686,0.9686
David_Dynamic,Pressure,lstm,False,3,240,48,48,171,13,1.0,1.0,1.0
David_Dynamic,Pressure,gru,False,3,240,48,48,171,18,1.0,1.0,1.0
David_Dynamic,Pressure,cnn,False,3,240,48,48,171,14,0.9792,0.9791,0.9791
David_Dynamic,Pressure,lstm,False,4,240,48,48,171,15,0.9375,0.9383,0.9383
David_Dynamic,Pressure,gru,False,4,240,48,48,171,24,0.875,0.8671,0.8671
David_Dynamic,Pressure,cnn,False,4,240,48,48,171,7,0.875,0.8757,0.8757
David_Dynamic,Pressure,lstm,False,5,192,96,48,171,12,0.8333,0.8237,0.8237
David_Dynamic,Pressure,gru,False,5,192,96,48,171,25,0.9375,0.9375,0.9375
David_Dynamic,Pressure,cnn,False,5,192,96,48,171,18,1.0,1.0,1.0
David_Dynamic,IMU+Pressure,lstm,False,1,144,96,96,171,25,0.9375,0.9377,0.9377
David_Dynamic,IMU+Pressure,gru,False,1,144,96,96,171,25,0.9583,0.958,0.958
David_Dynamic,IMU+Pressure,cnn,False,1,144,96,96,171,7,0.9896,0.9896,0.9896
David_Dynamic,IMU+Pressure,lstm,False,2,192,48,96,171,25,0.9896,0.9896,0.9896
David_Dynamic,IMU+Pressure,gru,False,2,192,48,96,171,25,0.9688,0.9687,0.9687
David_Dynamic,IMU+Pressure,cnn,False,2,192,48,96,171,21,0.9583,0.9588,0.9588
David_Dynamic,IMU+Pressure,lstm,False,3,240,48,48,171,23,0.9167,0.9122,0.9122
David_Dynamic,IMU+Pressure,gru,False,3,240,48,48,171,25,0.8958,0.8922,0.8922
David_Dynamic,IMU+Pressure,cnn,False,3,240,48,48,171,2,0.8542,0.8371,0.8371
David_Dynamic,IMU+Pressure,lstm,False,4,240,48,48,171,25,0.8333,0.8226,0.8226
David_Dynamic,IMU+Pressure,gru,False,4,240,48,48,171,25,0.875,0.8713,0.8713
David_Dynamic,IMU+Pressure,cnn,False,4,240,48,48,171,10,0.9375,0.9365,0.9365
David_Dynamic,IMU+Pressure,lstm,False,5,192,96,48,171,25,0.9375,0.9396,0.9396
David_Dynamic,IMU+Pressure,gru,False,5,192,96,48,171,25,0.9375,0.9386,0.9386
David_Dynamic,IMU+Pressure,cnn,False,5,192,96,48,171,12,1.0,1.0,1.0
Hrithik_Dynamic,IMU,lstm,False,1,144,80,96,161,25,0.9896,0.9896,0.9896
Hrithik_Dynamic,IMU,gru,False,1,144,80,96,161,25,1.0,1.0,1.0
Hrithik_Dynamic,IMU,cnn,False,1,144,80,96,161,23,0.9792,0.9791,0.9791
Hrithik_Dynamic,IMU,lstm,False,2,192,48,80,161,23,0.925,0.9296,0.9246
Hrithik_Dynamic,IMU,gru,False,2,192,48,80,161,25,0.925,0.9225,0.923
Hrithik_Dynamic,IMU,cnn,False,2,192,48,80,161,23,0.975,0.9791,0.975
Hrithik_Dynamic,IMU,lstm,False,3,224,48,48,161,25,1.0,1.0,1.0
Hrithik_Dynamic,IMU,gru,False,3,224,48,48,161,25,0.9792,0.9791,0.9791
Hrithik_Dynamic,IMU,cnn,False,3,224,48,48,161,23,1.0,1.0,1.0
Hrithik_Dynamic,IMU,lstm,False,4,224,48,48,161,25,1.0,1.0,1.0
Hrithik_Dynamic,IMU,gru,False,4,224,48,48,161,25,0.9167,0.9159,0.9159
Hrithik_Dynamic,IMU,cnn,False,4,224,48,48,161,2,0.9583,0.958,0.958
Hrithik_Dynamic,IMU,lstm,False,5,176,96,48,161,25,1.0,1.0,1.0
Hrithik_Dynamic,IMU,gru,False,5,176,96,48,161,25,0.9375,0.9372,0.9372
Hrithik_Dynamic,IMU,cnn,False,5,176,96,48,161,18,1.0,1.0,1.0
Hrithik_Dynamic,Pressure,lstm,False,1,144,80,96,161,15,0.75,0.7417,0.7417
Hrithik_Dynamic,Pressure,gru,False,1,144,80,96,161,25,0.7604,0.7499,0.7499
Hrithik_Dynamic,Pressure,cnn,False,1,144,80,96,161,2,1.0,1.0,1.0
Hrithik_Dynamic,Pressure,lstm,False,2,192,48,80,161,24,0.9375,0.9405,0.9377
Hrithik_Dynamic,Pressure,gru,False,2,192,48,80,161,25,0.9375,0.9366,0.9367
Hrithik_Dynamic,Pressure,cnn,False,2,192,48,80,161,7,0.975,0.9781,0.975
Hrithik_Dynamic,Pressure,lstm,False,3,224,48,48,161,14,1.0,1.0,1.0
Hrithik_Dynamic,Pressure,gru,False,3,224,48,48,161,24,0.9792,0.9791,0.9791
Hrithik_Dynamic,Pressure,cnn,False,3,224,48,48,161,9,1.0,1.0,1.0
Hrithik_Dynamic,Pressure,lstm,False,4,224,48,48,161,21,0.9583,0.9583,0.9583
Hrithik_Dynamic,Pressure,gru,False,4,224,48,48,161,24,0.9167,0.9156,0.9156
Hrithik_Dynamic,Pressure,cnn,False,4,224,48,48,161,7,0.9792,0.9791,0.9791
Hrithik_Dynamic,Pressure,lstm,False,5,176,96,48,161,25,0.9583,0.9573,0.9573
Hrithik_Dynamic,Pressure,gru,False,5,176,96,48,161,25,0.9583,0.958,0.958
Hrithik_Dynamic,Pressure,cnn,False,5,176,96,48,161,4,0.9792,0.9791,0.9791
Hrithik_Dynamic,IMU+Pressure,lstm,False,1,144,80,96,161,25,0.9583,0.9573,0.9573
Hrithik_Dynamic,IMU+Pressure,gru,False,1,144,80,96,161,25,0.9271,0.9235,0.9235
Hrithik_Dynamic,IMU+Pressure,cnn,False,1,144,80,96,161,24,0.9479,0.9473,0.9473
Hrithik_Dynamic,IMU+Pressure,lstm,False,2,192,48,80,161,25,0.9625,0.9664,0.9622
Hrithik_Dynamic,IMU+Pressure,gru,False,2,192,48,80,161,25,0.9875,0.9886,0.9875
Hrithik_Dynamic,IMU+Pressure,cnn,False,2,192,48,80,161,10,0.9875,0.9885,0.9875
Hrithik_Dynamic,IMU+Pressure,lstm,False,3,224,48,48,161,25,1.0,1.0,1.0
Hrithik_Dynamic,IMU+Pressure,gru,False,3,224,48,48,161,25,1.0,1.0,1.0
Hrithik_Dynamic,IMU+Pressure,cnn,False,3,224,48,48,161,6,1.0,1.0,1.0
Hrithik_Dynamic,IMU+Pressure,lstm,False,4,224,48,48,161,22,0.9167,0.9143,0.9143
Hrithik_Dynamic,IMU+Pressure,gru,False,4,224,48,48,161,23,0.9375,0.9372,0.9372
Hrithik_Dynamic,IMU+Pressure,cnn,False,4,224,48,48,161,11,1.0,1.0,1.0
Hrithik_Dynamic,IMU+Pressure,lstm,False,5,176,96,48,161,25,1.0,1.0,1.0
Hrithik_Dynamic,IMU+Pressure,gru,False,5,176,96,48,161,25,1.0,1.0,1.0
Hrithik_Dynamic,IMU+Pressure,cnn,False,5,176,96,48,161,14,1.0,1.0,1.0
JJ_Dynamic,IMU,lstm,False,1,143,96,94,147,25,0.9468,0.9456,0.9464
JJ_Dynamic,IMU,gru,False,1,143,96,94,147,25,0.8404,0.8387,0.8405
JJ_Dynamic,IMU,cnn,False,1,143,96,94,147,24,0.9787,0.9785,0.979
JJ_Dynamic,IMU,lstm,False,2,189,48,96,147,25,0.9583,0.9583,0.9583
JJ_Dynamic,IMU,gru,False,2,189,48,96,147,25,0.9062,0.9041,0.9041
JJ_Dynamic,IMU,cnn,False,2,189,48,96,147,25,0.9896,0.9896,0.9896
JJ_Dynamic,IMU,lstm,False,3,237,48,48,147,25,0.9792,0.9791,0.9791
JJ_Dynamic,IMU,gru,False,3,237,48,48,147,25,0.9375,0.9372,0.9372
JJ_Dynamic,IMU,cnn,False,3,237,48,48,147,23,1.0,1.0,1.0
JJ_Dynamic,IMU,lstm,False,4,238,47,48,147,23,0.8958,0.8934,0.8934
JJ_Dynamic,IMU,gru,False,4,238,47,48,147,25,0.875,0.8733,0.8733
JJ_Dynamic,IMU,cnn,False,4,238,47,48,147,22,1.0,1.0,1.0
JJ_Dynamic,IMU,lstm,False,5,192,94,47,147,25,0.8723,0.8696,0.8719
JJ_Dynamic,IMU,gru,False,5,192,94,47,147,25,0.8085,0.8091,0.8093
JJ_Dynamic,IMU,cnn,False,5,192,94,47,147,25,1.0,1.0,1.0
JJ_Dynamic,Pressure,lstm,False,1,143,96,94,147,11,0.7766,0.7748,0.778
JJ_Dynamic,Pressure,gru,False,1,143,96,94,147,1,0.4149,0.4018,0.4012
JJ_Dynamic,Pressure,cnn,False,1,143,96,94,147,2,0.883,0.8824,0.8843
JJ_Dynamic,Pressure,lstm,False,2,189,48,96,147,23,0.9271,0.9263,0.9263
JJ_Dynamic,Pressure,gru,False,2,189,48,96,147,25,0.7396,0.7279,0.7279
JJ_Dynamic,Pressure,cnn,False,2,189,48,96,147,3,0.9792,0.9792,0.9792
JJ_Dynamic,Pressure,lstm,False,3,237,48,48,147,25,0.9375,0.9386,0.9386
JJ_Dynamic,Pressure,gru,False,3,237,48,48,147,24,0.875,0.8706,0.8706
JJ_Dynamic,Pressure,cnn,False,3,237,48,48,147,3,0.9583,0.9583,0.9583
JJ_Dynamic,Pressure,lstm,False,4,238,47,48,147,18,0.9375,0.9365,0.9365
JJ_Dynamic,Pressure,gru,False,4,238,47,48,147,18,0.875,0.8671,0.8671
JJ_Dynamic,Pressure,cnn,False,4,238,47,48,147,11,0.9583,0.9573,0.9573
JJ_Dynamic,Pressure,lstm,False,5,192,94,47,147,18,1.0,1.0,1.0
JJ_Dynamic,Pressure,gru,False,5,192,94,47,147,23,0.9787,0.9781,0.9786
JJ_Dynamic,Pressure,cnn,False,5,192,94,47,147,7,0.9574,0.9564,0.9573
JJ_Dynamic,IMU+Pressure,lstm,False,1,143,96,94,147,25,0.7979,0.7754,0.7807
JJ_Dynamic,IMU+Pressure,gru,False,1,143,96,94,147,25,0.8617,0.8624,0.8625
JJ_Dynamic,IMU+Pressure,cnn,False,1,143,96,94,147,25,0.9468,0.9464,0.9475
JJ_Dynamic,IMU+Pressure,lstm,False,2,189,48,96,147,25,1.0,1.0,1.0
JJ_Dynamic,IMU+Pressure,gru,False,2,189,48,96,147,25,0.9896,0.9896,0.9896
JJ_Dynamic,IMU+Pressure,cnn,False,2,189,48,96,147,25,0.9896,0.9896,0.9896
JJ_Dynamic,IMU+Pressure,lstm,False,3,237,48,48,147,23,0.9792,0.9791,0.9791
JJ_Dynamic,IMU+Pressure,gru,False,3,237,48,48,147,25,0.9792,0.9791,0.9791
JJ_Dynamic,IMU+Pressure,cnn,False,3,237,48,48,147,7,0.9792,0.9791,0.9791
JJ_Dynamic,IMU+Pressure,lstm,False,4,238,47,48,147,25,0.9792,0.9791,0.9791
JJ_Dynamic,IMU+Pressure,gru,False,4,238,47,48,147,25,0.9792,0.9791,0.9791
JJ_Dynamic,IMU+Pressure,cnn,False,4,238,47,48,147,6,1.0,1.0,1.0
JJ_Dynamic,IMU+Pressure,lstm,False,5,192,94,47,147,25,1.0,1.0,1.0
JJ_Dynamic,IMU+Pressure,gru,False,5,192,94,47,147,25,0.9787,0.9791,0.9787
JJ_Dynamic,IMU+Pressure,cnn,False,5,192,94,47,147,12,0.9787,0.9783,0.9787
Mustafa_Dynamic,IMU,lstm,False,1,189,96,96,182,25,0.8125,0.7958,0.7958
Mustafa_Dynamic,IMU,gru,False,1,189,96,96,182,25,0.8958,0.8902,0.8902
Mustafa_Dynamic,IMU,cnn,False,1,189,96,96,182,23,0.9792,0.9792,0.9792
Mustafa_Dynamic,IMU,lstm,False,2,213,72,96,182,25,0.9896,0.9896,0.9896
Mustafa_Dynamic,IMU,gru,False,2,213,72,96,182,25,0.9375,0.9372,0.9372
Mustafa_Dynamic,IMU,cnn,False,2,213,72,96,182,24,1.0,1.0,1.0
Mustafa_Dynamic,IMU,lstm,False,3,252,57,72,182,23,0.9722,0.9673,0.9715
Mustafa_Dynamic,IMU,gru,False,3,252,57,72,182,25,1.0,1.0,1.0
Mustafa_Dynamic,IMU,cnn,False,3,252,57,72,182,24,1.0,1.0,1.0
Mustafa_Dynamic,IMU,lstm,False,4,264,60,57,182,25,1.0,1.0,1.0
Mustafa_Dynamic,IMU,gru,False,4,264,60,57,182,25,0.9123,0.9115,0.9134
Mustafa_Dynamic,IMU,cnn,False,4,264,60,57,182,19,1.0,1.0,1.0
Mustafa_Dynamic,IMU,lstm,False,5,225,96,60,182,25,0.95,0.9464,0.9491
Mustafa_Dynamic,IMU,gru,False,5,225,96,60,182,25,0.9833,0.984,0.9831
Mustafa_Dynamic,IMU,cnn,False,5,225,96,60,182,13,1.0,1.0,1.0
Mustafa_Dynamic,Pressure,lstm,False,1,189,96,96,182,18,0.8854,0.8848,0.8848
Mustafa_Dynamic,Pressure,gru,False,1,189,96,96,182,25,0.9167,0.9161,0.9161
Mustafa_Dynamic,Pressure,cnn,False,1,189,96,96,182,4,0.9792,0.9791,0.9791
Mustafa_Dynamic,Pressure,lstm,False,2,213,72,96,182,18,0.9479,0.9478,0.9478
Mustafa_Dynamic,Pressure,gru,False,2,213,72,96,182,25,0.9375,0.9378,0.9378
Mustafa_Dynamic,Pressure,cnn,False,2,213,72,96,182,18,0.9792,0.9789,0.9789
Mustafa_Dynamic,Pressure,lstm,False,3,252,57,72,182,25,1.0,1.0,1.0
Mustafa_Dynamic,Pressure,gru,False,3,252,57,72,182,24,0.8889,0.8742,0.8902
Mustafa_Dynamic,Pressure,cnn,False,3,252,57,72,182,5,1.0,1.0,1.0
Mustafa_Dynamic,Pressure,lstm,False,4,264,60,57,182,18,1.0,1.0,1.0
Mustafa_Dynamic,Pressure,gru,False,4,264,60,57,182,25,0.9649,0.958,0.9647
Mustafa_Dynamic,Pressure,cnn,False,4,264,60,57,182,4,1.0,1.0,1.0
Mustafa_Dynamic,Pressure,lstm,False,5,225,96,60,182,23,0.9667,0.9632,0.9665
Mustafa_Dynamic,Pressure,gru,False,5,225,96,60,182,25,0.8333,0.8035,0.8261
Mustafa_Dynamic,Pressure,cnn,False,5,225,96,60,182,18,1.0,1.0,1.0
Mustafa_Dynamic,IMU+Pressure,lstm,False,1,189,96,96,182,25,0.9792,0.9792,0.9792
Mustafa_Dynamic,IMU+Pressure,gru,False,1,189,96,96,182,25,0.9792,0.9791,0.9791
Mustafa_Dynamic,IMU+Pressure,cnn,False,1,189,96,96,182,8,0.9792,0.9789,0.9789
Mustafa_Dynamic,IMU+Pressure,lstm,False,2,213,72,96,182,25,0.9479,0.9479,0.9479
Mustafa_Dynamic,IMU+Pressure,gru,False,2,213,72,96,182,25,0.9896,0.9896,0.9896
Mustafa_Dynamic,IMU+Pressure,cnn,False,2,213,72,96,182,17,0.9896,0.9896,0.9896
Mustafa_Dynamic,IMU+Pressure,lstm,False,3,252,57,72,182,25,1.0,1.0,1.0
Mustafa_Dynamic,IMU+Pressure,gru,False,3,252,57,72,182,25,1.0,1.0,1.0
Mustafa_Dynamic,IMU+Pressure,cnn,False,3,252,57,72,182,5,1.0,1.0,1.0
Mustafa_Dynamic,IMU+Pressure,lstm,False,4,264,60,57,182,25,1.0,1.0,1.0
Mustafa_Dynamic,IMU+Pressure,gru,False,4,264,60,57,182,25,1.0,1.0,1.0
Mustafa_Dynamic,IMU+Pressure,cnn,False,4,264,60,57,182,21,1.0,1.0,1.0
Mustafa_Dynamic,IMU+Pressure,lstm,False,5,225,96,60,182,25,0.9667,0.9632,0.9664
Mustafa_Dynamic,IMU+Pressure,gru,False,5,225,96,60,182,25,0.9667,0.9632,0.9665
Mustafa_Dynamic,IMU+Pressure,cnn,False,5,225,96,60,182,4,0.9667,0.959,0.9672
Rezoan_Dynamic,IMU,lstm,False,1,144,69,96,147,25,0.9792,0.9792,0.9792
Rezoan_Dynamic,IMU,gru,False,1,144,69,96,147,25,0.9271,0.9266,0.9266
Rezoan_Dynamic,IMU,cnn,False,1,144,69,96,147,4,0.4375,0.3622,0.3622
Rezoan_Dynamic,IMU,lstm,False,2,192,48,69,147,25,0.971,0.9699,0.9715
Rezoan_Dynamic,IMU,gru,False,2,192,48,69,147,25,0.913,0.9143,0.9155
Rezoan_Dynamic,IMU,cnn,False,2,192,48,69,147,23,1.0,1.0,1.0
Rezoan_Dynamic,IMU,lstm,False,3,213,48,48,147,25,1.0,1.0,1.0
Rezoan_Dynamic,IMU,gru,False,3,213,48,48,147,25,0.9792,0.9791,0.9791
Rezoan_Dynamic,IMU,cnn,False,3,213,48,48,147,25,1.0,1.0,1.0
Rezoan_Dynamic,IMU,lstm,False,4,213,48,48,147,24,0.75,0.7062,0.7062
Rezoan_Dynamic,IMU,gru,False,4,213,48,48,147,25,0.7708,0.7541,0.7541
Rezoan_Dynamic,IMU,cnn,False,4,213,48,48,147,24,0.9792,0.9791,0.9791
Rezoan_Dynamic,IMU,lstm,False,5,165,96,48,147,25,0.875,0.8611,0.8611
Rezoan_Dynamic,IMU,gru,False,5,165,96,48,147,25,0.8958,0.8911,0.8911
Rezoan_Dynamic,IMU,cnn,False,5,165,96,48,147,20,1.0,1.0,1.0
Rezoan_Dynamic,Pressure,lstm,False,1,144,69,96,147,25,0.9688,0.9687,0.9687
Rezoan_Dynamic,Pressure,gru,False,1,144,69,96,147,25,0.8646,0.8629,0.8629
Rezoan_Dynamic,Pressure,cnn,False,1,144,69,96,147,10,0.9167,0.917,0.917
Rezoan_Dynamic,Pressure,lstm,False,2,192,48,69,147,19,0.971,0.9618,0.971
Rezoan_Dynamic,Pressure,gru,False,2,192,48,69,147,25,0.9565,0.9446,0.9572
Rezoan_Dynamic,Pressure,cnn,False,2,192,48,69,147,9,1.0,1.0,1.0
Rezoan_Dynamic,Pressure,lstm,False,3,213,48,48,147,25,0.9375,0.9365,0.9365
Rezoan_Dynamic,Pressure,gru,False,3,213,48,48,147,25,0.9583,0.958,0.958
Rezoan_Dynamic,Pressure,cnn,False,3,213,48,48,147,16,0.9792,0.9791,0.9791
Rezoan_Dynamic,Pressure,lstm,False,4,213,48,48,147,25,0.9583,0.958,0.958
Rezoan_Dynamic,Pressure,gru,False,4,213,48,48,147,25,0.875,0.8702,0.8702
Rezoan_Dynamic,Pressure,cnn,False,4,213,48,48,147,8,0.9583,0.9583,0.9583
Rezoan_Dynamic,Pressure,lstm,False,5,165,96,48,147,24,0.9792,0.9791,0.9791
Rezoan_Dynamic,Pressure,gru,False,5,165,96,48,147,25,0.9583,0.958,0.958
Rezoan_Dynamic,Pressure,cnn,False,5,165,96,48,147,16,0.9792,0.9791,0.9791
Rezoan_Dynamic,IMU+Pressure,lstm,False,1,144,69,96,147,25,0.9792,0.9792,0.9792
Rezoan_Dynamic,IMU+Pressure,gru,False,1,144,69,96,147,25,0.9375,0.9373,0.9373
Rezoan_Dynamic,IMU+Pressure,cnn,False,1,144,69,96,147,18,0.9688,0.9685,0.9685
Rezoan_Dynamic,IMU+Pressure,lstm,False,2,192,48,69,147,25,0.913,0.9017,0.9151
Rezoan_Dynamic,IMU+Pressure,gru,False,2,192,48,69,147,25,1.0,1.0,1.0
Rezoan_Dynamic,IMU+Pressure,cnn,False,2,192,48,69,147,11,1.0,1.0,1.0
Rezoan_Dynamic,IMU+Pressure,lstm,False,3,213,48,48,147,23,0.9792,0.9791,0.9791
Rezoan_Dynamic,IMU+Pressure,gru,False,3,213,48,48,147,25,0.9583,0.958,0.958
Rezoan_Dynamic,IMU+Pressure,cnn,False,3,213,48,48,147,11,0.9792,0.9791,0.9791
Rezoan_Dynamic,IMU+Pressure,lstm,False,4,213,48,48,147,25,0.9167,0.9156,0.9156
Rezoan_Dynamic,IMU+Pressure,gru,False,4,213,48,48,147,23,0.9375,0.9373,0.9373
Rezoan_Dynamic,IMU+Pressure,cnn,False,4,213,48,48,147,24,0.9583,0.958,0.958
Rezoan_Dynamic,IMU+Pressure,lstm,False,5,165,96,48,147,25,0.9792,0.9791,0.9791
Rezoan_Dynamic,IMU+Pressure,gru,False,5,165,96,48,147,25,1.0,1.0,1.0
Rezoan_Dynamic,IMU+Pressure,cnn,False,5,165,96,48,147,11,0.9792,0.9791,0.9791
Sudipta_Dynamic,IMU,lstm,False,1,192,96,96,176,25,1.0,1.0,1.0
Sudipta_Dynamic,IMU,gru,False,1,192,96,96,176,25,1.0,1.0,1.0
Sudipta_Dynamic,IMU,cnn,False,1,192,96,96,176,6,0.8646,0.8475,0.8475
Sudipta_Dynamic,IMU,lstm,False,2,192,96,96,176,25,0.9792,0.9794,0.9794
Sudipta_Dynamic,IMU,gru,False,2,192,96,96,176,25,0.9583,0.9583,0.9583
Sudipta_Dynamic,IMU,cnn,False,2,192,96,96,176,22,1.0,1.0,1.0
Sudipta_Dynamic,IMU,lstm,False,3,240,48,96,176,24,1.0,1.0,1.0
Sudipta_Dynamic,IMU,gru,False,3,240,48,96,176,25,1.0,1.0,1.0
Sudipta_Dynamic,IMU,cnn,False,3,240,48,96,176,24,1.0,1.0,1.0
Sudipta_Dynamic,IMU,lstm,False,4,288,48,48,176,25,0.9792,0.9791,0.9791
Sudipta_Dynamic,IMU,gru,False,4,288,48,48,176,25,0.9792,0.9791,0.9791
Sudipta_Dynamic,IMU,cnn,False,4,288,48,48,176,18,1.0,1.0,1.0
Sudipta_Dynamic,IMU,lstm,False,5,240,96,48,176,25,1.0,1.0,1.0
Sudipta_Dynamic,IMU,gru,False,5,240,96,48,176,25,1.0,1.0,1.0
Sudipta_Dynamic,IMU,cnn,False,5,240,96,48,176,24,1.0,1.0,1.0
Sudipta_Dynamic,Pressure,lstm,False,1,192,96,96,176,15,0.9271,0.9255,0.9255
Sudipta_Dynamic,Pressure,gru,False,1,192,96,96,176,23,0.9792,0.9792,0.9792
Sudipta_Dynamic,Pressure,cnn,False,1,192,96,96,176,6,0.9792,0.9792,0.9792
Sudipta_Dynamic,Pressure,lstm,False,2,192,96,96,176,24,0.7396,0.6688,0.6688
Sudipta_Dynamic,Pressure,gru,False,2,192,96,96,176,25,0.6979,0.6362,0.6362
Sudipta_Dynamic,Pressure,cnn,False,2,192,96,96,176,3,0.9271,0.9282,0.9282
Sudipta_Dynamic,Pressure,lstm,False,3,240,48,96,176,14,0.9792,0.9791,0.9791
Sudipta_Dynamic,Pressure,gru,False,3,240,48,96,176,22,0.9688,0.9687,0.9687
Sudipta_Dynamic,Pressure,cnn,False,3,240,48,96,176,2,0.9375,0.9373,0.9373
Sudipta_Dynamic,Pressure,lstm,False,4,288,48,48,176,9,0.9792,0.9791,0.9791
Sudipta_Dynamic,Pressure,gru,False,4,288,48,48,176,17,0.8958,0.8934,0.8934
Sudipta_Dynamic,Pressure,cnn,False,4,288,48,48,176,1,0.6458,0.6137,0.6137
Sudipta_Dynamic,Pressure,lstm,False,5,240,96,48,176,22,0.8333,0.8125,0.8125
Sudipta_Dynamic,Pressure,gru,False,5,240,96,48,176,25,0.8125,0.7818,0.7818
Sudipta_Dynamic,Pressure,cnn,False,5,240,96,48,176,4,0.7917,0.7656,0.7656
Sudipta_Dynamic,IMU+Pressure,lstm,False,1,192,96,96,176,25,1.0,1.0,1.0
Sudipta_Dynamic,IMU+Pressure,gru,False,1,192,96,96,176,25,1.0,1.0,1.0
Sudipta_Dynamic,IMU+Pressure,cnn,False,1,192,96,96,176,3,0.9896,0.9896,0.9896
Sudipta_Dynamic,IMU+Pressure,lstm,False,2,192,96,96,176,25,0.9167,0.9151,0.9151
Sudipta_Dynamic,IMU+Pressure,gru,False,2,192,96,96,176,25,0.8646,0.8562,0.8562
Sudipta_Dynamic,IMU+Pressure,cnn,False,2,192,96,96,176,6,0.9688,0.9687,0.9687
Sudipta_Dynamic,IMU+Pressure,lstm,False,3,240,48,96,176,25,1.0,1.0,1.0
Sudipta_Dynamic,IMU+Pressure,gru,False,3,240,48,96,176,25,1.0,1.0,1.0
Sudipta_Dynamic,IMU+Pressure,cnn,False,3,240,48,96,176,23,1.0,1.0,1.0
Sudipta_Dynamic,IMU+Pressure,lstm,False,4,288,48,48,176,25,1.0,1.0,1.0
Sudipta_Dynamic,IMU+Pressure,gru,False,4,288,48,48,176,25,0.9792,0.9791,0.9791
Sudipta_Dynamic,IMU+Pressure,cnn,False,4,288,48,48,176,18,1.0,1.0,1.0
Sudipta_Dynamic,IMU+Pressure,lstm,False,5,240,96,48,176,25,1.0,1.0,1.0
Sudipta_Dynamic,IMU+Pressure,gru,False,5,240,96,48,176,25,1.0,1.0,1.0
Sudipta_Dynamic,IMU+Pressure,cnn,False,5,240,96,48,176,2,0.9792,0.9791,0.9791
Tianjun_Dynamic,IMU,lstm,False,1,144,84,96,162,25,0.875,0.8754,0.8754
Tianjun_Dynamic,IMU,gru,False,1,144,84,96,162,25,0.9479,0.9484,0.9484
Tianjun_Dynamic,IMU,cnn,False,1,144,84,96,162,25,0.9583,0.9583,0.9583
Tianjun_Dynamic,IMU,lstm,False,2,192,48,84,162,25,0.9405,0.9483,0.9409
Tianjun_Dynamic,IMU,gru,False,2,192,48,84,162,25,0.9167,0.9262,0.9156
Tianjun_Dynamic,IMU,cnn,False,2,192,48,84,162,24,1.0,1.0,1.0
Tianjun_Dynamic,IMU,lstm,False,3,228,48,48,162,25,0.9583,0.958,0.958
Tianjun_Dynamic,IMU,gru,False,3,228,48,48,162,25,1.0,1.0,1.0
Tianjun_Dynamic,IMU,cnn,False,3,228,48,48,162,11,1.0,1.0,1.0
Tianjun_Dynamic,IMU,lstm,False,4,228,48,48,162,24,0.9375,0.9351,0.9351
Tianjun_Dynamic,IMU,gru,False,4,228,48,48,162,24,1.0,1.0,1.0
Tianjun_Dynamic,IMU,cnn,False,4,228,48,48,162,25,0.9375,0.9365,0.9365
Tianjun_Dynamic,IMU,lstm,False,5,180,96,48,162,25,0.7083,0.6834,0.6834
Tianjun_Dynamic,IMU,gru,False,5,180,96,48,162,25,0.7708,0.7644,0.7644
Tianjun_Dynamic,IMU,cnn,False,5,180,96,48,162,24,0.9167,0.9122,0.9122
Tianjun_Dynamic,Pressure,lstm,False,1,144,84,96,162,25,0.9062,0.9078,0.9078
Tianjun_Dynamic,Pressure,gru,False,1,144,84,96,162,25,0.8021,0.7925,0.7925
Tianjun_Dynamic,Pressure,cnn,False,1,144,84,96,162,17,0.9271,0.9271,0.9271
Tianjun_Dynamic,Pressure,lstm,False,2,192,48,84,162,25,0.9524,0.9585,0.9526
Tianjun_Dynamic,Pressure,gru,False,2,192,48,84,162,25,0.8571,0.8528,0.8564
Tianjun_Dynamic,Pressure,cnn,False,2,192,48,84,162,7,0.869,0.8452,0.8666
Tianjun_Dynamic,Pressure,lstm,False,3,228,48,48,162,25,0.9167,0.9164,0.9164
Tianjun_Dynamic,Pressure,gru,False,3,228,48,48,162,23,0.875,0.8733,0.8733
Tianjun_Dynamic,Pressure,cnn,False,3,228,48,48,162,5,0.8958,0.8958,0.8958
Tianjun_Dynamic,Pressure,lstm,False,4,228,48,48,162,18,0.9375,0.9383,0.9383
Tianjun_Dynamic,Pressure,gru,False,4,228,48,48,162,23,0.8542,0.8514,0.8514
Tianjun_Dynamic,Pressure,cnn,False,4,228,48,48,162,5,0.8542,0.8527,0.8527
Tianjun_Dynamic,Pressure,lstm,False,5,180,96,48,162,16,0.8958,0.8961,0.8961
Tianjun_Dynamic,Pressure,gru,False,5,180,96,48,162,24,0.8125,0.8106,0.8106
Tianjun_Dynamic,Pressure,cnn,False,5,180,96,48,162,18,0.9375,0.9351,0.9351
Tianjun_Dynamic,IMU+Pressure,lstm,False,1,144,84,96,162,25,0.8438,0.8403,0.8403
Tianjun_Dynamic,IMU+Pressure,gru,False,1,144,84,96,162,25,0.8229,0.8181,0.8181
Tianjun_Dynamic,IMU+Pressure,cnn,False,1,144,84,96,162,5,0.9062,0.9068,0.9068
Tianjun_Dynamic,IMU+Pressure,lstm,False,2,192,48,84,162,25,0.9643,0.9691,0.9647
Tianjun_Dynamic,IMU+Pressure,gru,False,2,192,48,84,162,25,0.9762,0.9699,0.9766
Tianjun_Dynamic,IMU+Pressure,cnn,False,2,192,48,84,162,15,0.8571,0.8425,0.8581
Tianjun_Dynamic,IMU+Pressure,lstm,False,3,228,48,48,162,24,0.9375,0.9372,0.9372
Tianjun_Dynamic,IMU+Pressure,gru,False,3,228,48,48,162,24,0.9792,0.9791,0.9791
Tianjun_Dynamic,IMU+Pressure,cnn,False,3,228,48,48,162,3,0.9167,0.9161,0.9161
Tianjun_Dynamic,IMU+Pressure,lstm,False,4,228,48,48,162,25,0.9792,0.9791,0.9791
Tianjun_Dynamic,IMU+Pressure,gru,False,4,228,48,48,162,24,0.9583,0.9583,0.9583
Tianjun_Dynamic,IMU+Pressure,cnn,False,4,228,48,48,162,3,0.7917,0.7818,0.7818
Tianjun_Dynamic,IMU+Pressure,lstm,False,5,180,96,48,162,25,0.875,0.8733,0.8733
Tianjun_Dynamic,IMU+Pressure,gru,False,5,180,96,48,162,25,0.8125,0.7877,0.7877
Tianjun_Dynamic,IMU+Pressure,cnn,False,5,180,96,48,162,12,0.9792,0.9791,0.9791
Zongwei_Dynamic,IMU,lstm,False,1,269,96,96,220,24,0.9688,0.9687,0.9687
Zongwei_Dynamic,IMU,gru,False,1,269,96,96,220,25,0.9896,0.9896,0.9896
Zongwei_Dynamic,IMU,cnn,False,1,269,96,96,220,22,0.9896,0.9896,0.9896
Zongwei_Dynamic,IMU,lstm,False,2,271,94,96,220,25,0.9896,0.9896,0.9896
Zongwei_Dynamic,IMU,gru,False,2,271,94,96,220,25,0.9896,0.9896,0.9896
Zongwei_Dynamic,IMU,cnn,False,2,271,94,96,220,25,1.0,1.0,1.0
Zongwei_Dynamic,IMU,lstm,False,3,271,96,94,220,25,0.9787,0.9782,0.9787
Zongwei_Dynamic,IMU,gru,False,3,271,96,94,220,24,0.9787,0.9779,0.9784
Zongwei_Dynamic,IMU,cnn,False,3,271,96,94,220,23,1.0,1.0,1.0
Zongwei_Dynamic,IMU,lstm,False,4,286,79,96,220,25,0.9896,0.9896,0.9896
Zongwei_Dynamic,IMU,gru,False,4,286,79,96,220,25,0.9688,0.9687,0.9687
Zongwei_Dynamic,IMU,cnn,False,4,286,79,96,220,22,1.0,1.0,1.0
Zongwei_Dynamic,IMU,lstm,False,5,286,96,79,220,25,0.9747,0.9777,0.9746
Zongwei_Dynamic,IMU,gru,False,5,286,96,79,220,25,0.9367,0.9433,0.9362
Zongwei_Dynamic,IMU,cnn,False,5,286,96,79,220,24,1.0,1.0,1.0
Zongwei_Dynamic,Pressure,lstm,False,1,269,96,96,220,10,1.0,1.0,1.0
Zongwei_Dynamic,Pressure,gru,False,1,269,96,96,220,20,1.0,1.0,1.0
Zongwei_Dynamic,Pressure,cnn,False,1,269,96,96,220,4,1.0,1.0,1.0
Zongwei_Dynamic,Pressure,lstm,False,2,271,94,96,220,25,0.9792,0.9791,0.9791
Zongwei_Dynamic,Pressure,gru,False,2,271,94,96,220,25,0.9479,0.9473,0.9473
Zongwei_Dynamic,Pressure,cnn,False,2,271,94,96,220,7,0.9896,0.9896,0.9896
Zongwei_Dynamic,Pressure,lstm,False,3,271,96,94,220,18,1.0,1.0,1.0
Zongwei_Dynamic,Pressure,gru,False,3,271,96,94,220,14,1.0,1.0,1.0
Zongwei_Dynamic,Pressure,cnn,False,3,271,96,94,220,14,1.0,1.0,1.0
Zongwei_Dynamic,Pressure,lstm,False,4,286,79,96,220,11,0.9583,0.9583,0.9583
Zongwei_Dynamic,Pressure,gru,False,4,286,79,96,220,21,0.9896,0.9896,0.9896
Zongwei_Dynamic,Pressure,cnn,False,4,286,79,96,220,9,1.0,1.0,1.0
Zongwei_Dynamic,Pressure,lstm,False,5,286,96,79,220,25,1.0,1.0,1.0
Zongwei_Dynamic,Pressure,gru,False,5,286,96,79,220,25,0.9873,0.984,0.9872
Zongwei_Dynamic,Pressure,cnn,False,5,286,96,79,220,8,1.0,1.0,1.0
Zongwei_Dynamic,IMU+Pressure,lstm,False,1,269,96,96,220,25,0.9896,0.9896,0.9896
Zongwei_Dynamic,IMU+Pressure,gru,False,1,269,96,96,220,25,1.0,1.0,1.0
Zongwei_Dynamic,IMU+Pressure,cnn,False,1,269,96,96,220,14,1.0,1.0,1.0
Zongwei_Dynamic,IMU+Pressure,lstm,False,2,271,94,96,220,25,1.0,1.0,1.0
Zongwei_Dynamic,IMU+Pressure,gru,False,2,271,94,96,220,25,0.9896,0.9896,0.9896
Zongwei_Dynamic,IMU+Pressure,cnn,False,2,271,94,96,220,9,0.9896,0.9896,0.9896
Zongwei_Dynamic,IMU+Pressure,lstm,False,3,271,96,94,220,25,1.0,1.0,1.0
Zongwei_Dynamic,IMU+Pressure,gru,False,3,271,96,94,220,25,1.0,1.0,1.0
Zongwei_Dynamic,IMU+Pressure,cnn,False,3,271,96,94,220,9,1.0,1.0,1.0
Zongwei_Dynamic,IMU+Pressure,lstm,False,4,286,79,96,220,24,1.0,1.0,1.0
Zongwei_Dynamic,IMU+Pressure,gru,False,4,286,79,96,220,25,1.0,1.0,1.0
Zongwei_Dynamic,IMU+Pressure,cnn,False,4,286,79,96,220,11,1.0,1.0,1.0
Zongwei_Dynamic,IMU+Pressure,lstm,False,5,286,96,79,220,25,1.0,1.0,1.0
Zongwei_Dynamic,IMU+Pressure,gru,False,5,286,96,79,220,24,1.0,1.0,1.0
Zongwei_Dynamic,IMU+Pressure,cnn,False,5,286,96,79,220,7,1.0,1.0,1.0
