subject,config,model,use_features,feature_method,n_cycles,n_test,n_classes,accuracy,macro_f1,weighted_f1
Andy_Dynamic,IMU,lstm,True,concat,424,85,4,0.9529,0.9502,0.9529
Andy_Dynamic,IMU,gru,True,concat,424,85,4,0.9882,0.9871,0.9883
Andy_Dynamic,IMU,cnn,True,concat,424,85,4,0.9882,0.9871,0.9883
Andy_Dynamic,Pressure,lstm,True,concat,424,85,4,0.9294,0.9254,0.9301
Andy_Dynamic,Pressure,gru,True,concat,424,85,4,0.9412,0.9376,0.9412
Andy_Dynamic,Pressure,cnn,True,concat,424,85,4,0.9529,0.9513,0.9529
Andy_Dynamic,IMU+Pressure,lstm,True,concat,424,85,4,0.9882,0.9881,0.9882
Andy_Dynamic,IMU+Pressure,gru,True,concat,424,85,4,0.9529,0.9535,0.9531
Andy_Dynamic,IMU+Pressure,cnn,True,concat,424,85,4,0.9882,0.9871,0.9883
Ankan_Dynamic,IMU,lstm,True,concat,528,106,4,0.9057,0.9041,0.9048
Ankan_Dynamic,IMU,gru,True,concat,528,106,4,0.9434,0.9439,0.9437
Ankan_Dynamic,IMU,cnn,True,concat,528,106,4,0.9811,0.9818,0.9811
Ankan_Dynamic,Pressure,lstm,True,concat,528,106,4,0.9245,0.9254,0.9248
Ankan_Dynamic,Pressure,gru,True,concat,528,106,4,0.783,0.7796,0.7803
Ankan_Dynamic,Pressure,cnn,True,concat,528,106,4,0.934,0.9345,0.933
Ankan_Dynamic,IMU+Pressure,lstm,True,concat,528,106,4,0.9717,0.9718,0.9717
Ankan_Dynamic,IMU+Pressure,gru,True,concat,528,106,4,0.9811,0.9816,0.9813
Ankan_Dynamic,IMU+Pressure,cnn,True,concat,528,106,4,0.9811,0.9813,0.981
David_Dynamic,IMU,lstm,True,concat,507,102,4,0.7941,0.7942,0.7941
David_Dynamic,IMU,gru,True,concat,507,102,4,0.902,0.9006,0.9006
David_Dynamic,IMU,cnn,True,concat,507,102,4,0.9706,0.9702,0.9706
David_Dynamic,Pressure,lstm,True,concat,507,102,4,0.9902,0.9902,0.9902
David_Dynamic,Pressure,gru,True,concat,507,102,4,1.0,1.0,1.0
David_Dynamic,Pressure,cnn,True,concat,507,102,4,0.9902,0.9902,0.9902
David_Dynamic,IMU+Pressure,lstm,True,concat,507,102,4,0.9608,0.9607,0.961
David_Dynamic,IMU+Pressure,gru,True,concat,507,102,4,0.9412,0.9413,0.9414
David_Dynamic,IMU+Pressure,cnn,True,concat,507,102,4,1.0,1.0,1.0
Hrithik_Dynamic,IMU,lstm,True,concat,481,97,4,1.0,1.0,1.0
Hrithik_Dynamic,IMU,gru,True,concat,481,97,4,1.0,1.0,1.0
Hrithik_Dynamic,IMU,cnn,True,concat,481,97,4,1.0,1.0,1.0
Hrithik_Dynamic,Pressure,lstm,True,concat,481,97,4,0.9794,0.9803,0.9793
Hrithik_Dynamic,Pressure,gru,True,concat,481,97,4,0.9485,0.9502,0.949
Hrithik_Dynamic,Pressure,cnn,True,concat,481,97,4,1.0,1.0,1.0
Hrithik_Dynamic,IMU+Pressure,lstm,True,concat,481,97,4,1.0,1.0,1.0
Hrithik_Dynamic,IMU+Pressure,gru,True,concat,481,97,4,1.0,1.0,1.0
Hrithik_Dynamic,IMU+Pressure,cnn,True,concat,481,97,4,0.9897,0.9902,0.9897
JJ_Dynamic,IMU,lstm,True,concat,480,96,4,0.9896,0.9896,0.9896
JJ_Dynamic,IMU,gru,True,concat,480,96,4,1.0,1.0,1.0
JJ_Dynamic,IMU,cnn,True,concat,480,96,4,1.0,1.0,1.0
JJ_Dynamic,Pressure,lstm,True,concat,480,96,4,0.9792,0.9789,0.9789
JJ_Dynamic,Pressure,gru,True,concat,480,96,4,0.9792,0.9792,0.9792
JJ_Dynamic,Pressure,cnn,True,concat,480,96,4,0.9583,0.9581,0.9581
JJ_Dynamic,IMU+Pressure,lstm,True,concat,480,96,4,0.9688,0.9687,0.9687
JJ_Dynamic,IMU+Pressure,gru,True,concat,480,96,4,0.9896,0.9896,0.9896
JJ_Dynamic,IMU+Pressure,cnn,True,concat,480,96,4,0.9792,0.9791,0.9791
Mustafa_Dynamic,IMU,lstm,True,concat,563,113,4,0.9912,0.9906,0.9912
Mustafa_Dynamic,IMU,gru,True,concat,563,113,4,0.9912,0.9918,0.9911
Mustafa_Dynamic,IMU,cnn,True,concat,563,113,4,1.0,1.0,1.0
Mustafa_Dynamic,Pressure,lstm,True,concat,563,113,4,0.9646,0.9619,0.9647
Mustafa_Dynamic,Pressure,gru,True,concat,563,113,4,0.9204,0.9146,0.9202
Mustafa_Dynamic,Pressure,cnn,True,concat,563,113,4,1.0,1.0,1.0
Mustafa_Dynamic,IMU+Pressure,lstm,True,concat,563,113,4,0.9823,0.9811,0.9823
Mustafa_Dynamic,IMU+Pressure,gru,True,concat,563,113,4,0.9912,0.9918,0.9911
Mustafa_Dynamic,IMU+Pressure,cnn,True,concat,563,113,4,1.0,1.0,1.0
Rezoan_Dynamic,IMU,lstm,True,concat,456,92,4,0.9891,0.9888,0.9892
Rezoan_Dynamic,IMU,gru,True,concat,456,92,4,0.9783,0.9771,0.978
Rezoan_Dynamic,IMU,cnn,True,concat,456,92,4,0.9891,0.9887,0.9891
Rezoan_Dynamic,Pressure,lstm,True,concat,456,92,4,0.9891,0.988,0.9891
Rezoan_Dynamic,Pressure,gru,True,concat,456,92,4,0.9348,0.9282,0.9325
Rezoan_Dynamic,Pressure,cnn,True,concat,456,92,4,0.9674,0.9638,0.9671
Rezoan_Dynamic,IMU+Pressure,lstm,True,concat,456,92,4,0.9565,0.9535,0.9559
Rezoan_Dynamic,IMU+Pressure,gru,True,concat,456,92,4,0.9239,0.9167,0.9231
Rezoan_Dynamic,IMU+Pressure,cnn,True,concat,456,92,4,0.9783,0.976,0.9782
Sudipta_Dynamic,IMU,lstm,True,concat,560,112,4,0.9911,0.9911,0.9911
Sudipta_Dynamic,IMU,gru,True,concat,560,112,4,1.0,1.0,1.0
Sudipta_Dynamic,IMU,cnn,True,concat,560,112,4,1.0,1.0,1.0
Sudipta_Dynamic,Pressure,lstm,True,concat,560,112,4,0.9821,0.9821,0.9821
Sudipta_Dynamic,Pressure,gru,True,concat,560,112,4,0.9821,0.9821,0.9821
Sudipta_Dynamic,Pressure,cnn,True,concat,560,112,4,0.9554,0.955,0.955
Sudipta_Dynamic,IMU+Pressure,lstm,True,concat,560,112,4,0.9911,0.9911,0.9911
Sudipta_Dynamic,IMU+Pressure,gru,True,concat,560,112,4,0.9911,0.9911,0.9911
Sudipta_Dynamic,IMU+Pressure,cnn,True,concat,560,112,4,1.0,1.0,1.0
Tianjun_Dynamic,IMU,lstm,True,concat,486,98,4,0.9694,0.9697,0.9694
Tianjun_Dynamic,IMU,gru,True,concat,486,98,4,0.9184,0.9161,0.9172
Tianjun_Dynamic,IMU,cnn,True,concat,486,98,4,1.0,1.0,1.0
Tianjun_Dynamic,Pressure,lstm,True,concat,486,98,4,0.9286,0.9262,0.9281
Tianjun_Dynamic,Pressure,gru,True,concat,486,98,4,0.9082,0.9067,0.9076
Tianjun_Dynamic,Pressure,cnn,True,concat,486,98,4,0.949,0.9488,0.9492
Tianjun_Dynamic,IMU+Pressure,lstm,True,concat,486,98,4,0.9592,0.9588,0.9591
Tianjun_Dynamic,IMU+Pressure,gru,True,concat,486,98,4,0.9796,0.9792,0.9796
Tianjun_Dynamic,IMU+Pressure,cnn,True,concat,486,98,4,0.9694,0.969,0.9693
Zongwei_Dynamic,IMU,lstm,True,concat,681,137,4,0.9927,0.993,0.9927
Zongwei_Dynamic,IMU,gru,True,concat,681,137,4,0.9854,0.9855,0.9854
Zongwei_Dynamic,IMU,cnn,True,concat,681,137,4,1.0,1.0,1.0
Zongwei_Dynamic,Pressure,lstm,True,concat,681,137,4,1.0,1.0,1.0
Zongwei_Dynamic,Pressure,gru,True,concat,681,137,4,1.0,1.0,1.0
Zongwei_Dynamic,Pressure,cnn,True,concat,681,137,4,1.0,1.0,1.0
Zongwei_Dynamic,IMU+Pressure,lstm,True,concat,681,137,4,1.0,1.0,1.0
Zongwei_Dynamic,IMU+Pressure,gru,True,concat,681,137,4,0.9927,0.9925,0.9927
Zongwei_Dynamic,IMU+Pressure,cnn,True,concat,681,137,4,1.0,1.0,1.0
