subject,config,model,use_features,mean_fold_accuracy,std_fold_accuracy,pooled_accuracy,pooled_macro_f1,pooled_weighted_f1,n_cycles_used,n_guard
Andy_Dynamic,IMU,lstm,False,0.9072,0.0588,0.9132,0.9029,0.9105,288,136
Andy_Dynamic,IMU,gru,False,0.8826,0.0175,0.8854,0.8758,0.8826,288,136
Andy_Dynamic,IMU,cnn,False,0.9393,0.095,0.9479,0.9402,0.9461,288,136
Andy_Dynamic,Pressure,lstm,False,0.9408,0.0245,0.9375,0.9348,0.9379,288,136
Andy_Dynamic,Pressure,gru,False,0.96,0.0296,0.9549,0.9532,0.9551,288,136
Andy_Dynamic,Pressure,cnn,False,0.9455,0.0416,0.9375,0.937,0.9375,288,136
Andy_Dynamic,IMU+Pressure,lstm,False,0.9651,0.033,0.9583,0.9578,0.9583,288,136
Andy_Dynamic,IMU+Pressure,gru,False,0.9329,0.0461,0.9271,0.9236,0.927,288,136
Andy_Dynamic,IMU+Pressure,cnn,False,0.9656,0.0284,0.9618,0.9603,0.9619,288,136
Ankan_Dynamic,IMU,lstm,False,0.8616,0.1157,0.8539,0.852,0.8528,356,172
Ankan_Dynamic,IMU,gru,False,0.8774,0.0815,0.868,0.8669,0.8675,356,172
Ankan_Dynamic,IMU,cnn,False,0.8608,0.1165,0.8399,0.8375,0.8377,356,172
Ankan_Dynamic,Pressure,lstm,False,0.8352,0.0704,0.8371,0.8358,0.8365,356,172
Ankan_Dynamic,Pressure,gru,False,0.7651,0.1208,0.7472,0.7445,0.7446,356,172
Ankan_Dynamic,Pressure,cnn,False,0.9295,0.0639,0.9326,0.934,0.9327,356,172
Ankan_Dynamic,IMU+Pressure,lstm,False,0.9007,0.0722,0.8848,0.8846,0.8847,356,172
Ankan_Dynamic,IMU+Pressure,gru,False,0.8879,0.0562,0.8792,0.8782,0.8786,356,172
Ankan_Dynamic,IMU+Pressure,cnn,False,0.9587,0.0257,0.9551,0.9558,0.9548,356,172
David_Dynamic,IMU,lstm,False,0.8375,0.0538,0.8423,0.8422,0.8422,336,171
David_Dynamic,IMU,gru,False,0.7687,0.0449,0.7619,0.7589,0.7589,336,171
David_Dynamic,IMU,cnn,False,0.7771,0.1858,0.8095,0.8028,0.8028,336,171
David_Dynamic,Pressure,lstm,False,0.9062,0.0597,0.8988,0.8982,0.8982,336,171
David_Dynamic,Pressure,gru,False,0.925,0.0627,0.9196,0.9198,0.9198,336,171
David_Dynamic,Pressure,cnn,False,0.9646,0.0464,0.9702,0.9701,0.9701,336,171
David_Dynamic,IMU+Pressure,lstm,False,0.9229,0.0509,0.9345,0.9342,0.9342,336,171
David_Dynamic,IMU+Pressure,gru,False,0.9271,0.0361,0.9375,0.9373,0.9373,336,171
David_Dynamic,IMU+Pressure,cnn,False,0.9479,0.0519,0.9554,0.9552,0.9552,336,171
Hrithik_Dynamic,IMU,lstm,False,0.9829,0.0292,0.9781,0.9788,0.9781,320,161
Hrithik_Dynamic,IMU,gru,False,0.9517,0.0323,0.9563,0.9573,0.9562,320,161
Hrithik_Dynamic,IMU,cnn,False,0.9825,0.0159,0.9812,0.9816,0.9812,320,161
Hrithik_Dynamic,Pressure,lstm,False,0.9208,0.0878,0.8969,0.8997,0.8968,320,161
Hrithik_Dynamic,Pressure,gru,False,0.9104,0.0778,0.8906,0.8918,0.8889,320,161
Hrithik_Dynamic,Pressure,cnn,False,0.9867,0.011,0.9875,0.9879,0.9875,320,161
Hrithik_Dynamic,IMU+Pressure,lstm,False,0.9675,0.031,0.9656,0.9665,0.9655,320,161
Hrithik_Dynamic,IMU+Pressure,gru,False,0.9704,0.0316,0.9656,0.9663,0.9653,320,161
Hrithik_Dynamic,IMU+Pressure,cnn,False,0.9871,0.0202,0.9812,0.9809,0.9813,320,161
JJ_Dynamic,IMU,lstm,False,0.9305,0.04,0.9369,0.9364,0.9366,333,147
JJ_Dynamic,IMU,gru,False,0.8735,0.0458,0.8739,0.8721,0.8727,333,147
JJ_Dynamic,IMU,cnn,False,0.9937,0.0085,0.991,0.9909,0.991,333,147
JJ_Dynamic,Pressure,lstm,False,0.9157,0.0742,0.8979,0.8993,0.8992,333,147
JJ_Dynamic,Pressure,gru,False,0.7766,0.1962,0.7207,0.7262,0.7261,333,147
JJ_Dynamic,Pressure,cnn,False,0.9472,0.0332,0.9429,0.9432,0.9432,333,147
JJ_Dynamic,IMU+Pressure,lstm,False,0.9513,0.0772,0.9369,0.9357,0.936,333,147
JJ_Dynamic,IMU+Pressure,gru,False,0.9577,0.0482,0.9489,0.9494,0.9493,333,147
JJ_Dynamic,IMU+Pressure,cnn,False,0.9789,0.0178,0.976,0.976,0.976,333,147
Mustafa_Dynamic,IMU,lstm,False,0.9449,0.0683,0.937,0.9322,0.9355,381,182
Mustafa_Dynamic,IMU,gru,False,0.9458,0.0401,0.9423,0.9404,0.9416,381,182
Mustafa_Dynamic,IMU,cnn,False,0.9958,0.0083,0.9948,0.9947,0.9948,381,182
Mustafa_Dynamic,Pressure,lstm,False,0.96,0.0423,0.9528,0.9511,0.9526,381,182
Mustafa_Dynamic,Pressure,gru,False,0.9083,0.045,0.9108,0.9067,0.9104,381,182
Mustafa_Dynamic,Pressure,cnn,False,0.9917,0.0102,0.9895,0.9898,0.9895,381,182
Mustafa_Dynamic,IMU+Pressure,lstm,False,0.9788,0.02,0.9764,0.9759,0.9764,381,182
Mustafa_Dynamic,IMU+Pressure,gru,False,0.9871,0.0128,0.9869,0.9863,0.9869,381,182
Mustafa_Dynamic,IMU+Pressure,cnn,False,0.9871,0.0128,0.9869,0.9867,0.9869,381,182
Rezoan_Dynamic,IMU,lstm,False,0.915,0.0931,0.9288,0.9268,0.9283,309,147
Rezoan_Dynamic,IMU,gru,False,0.8972,0.0691,0.9029,0.9013,0.9023,309,147
Rezoan_Dynamic,IMU,cnn,False,0.8833,0.2231,0.822,0.8224,0.8288,309,147
Rezoan_Dynamic,Pressure,lstm,False,0.963,0.0144,0.9644,0.9628,0.9643,309,147
Rezoan_Dynamic,Pressure,gru,False,0.9225,0.0432,0.9159,0.9149,0.916,309,147
Rezoan_Dynamic,Pressure,cnn,False,0.9667,0.0283,0.9612,0.9591,0.9613,309,147
Rezoan_Dynamic,IMU+Pressure,lstm,False,0.9535,0.0315,0.9547,0.9538,0.9547,309,147
Rezoan_Dynamic,IMU+Pressure,gru,False,0.9667,0.0283,0.9644,0.9633,0.9643,309,147
Rezoan_Dynamic,IMU+Pressure,cnn,False,0.9771,0.0138,0.9773,0.976,0.9772,309,147
Sudipta_Dynamic,IMU,lstm,False,0.9917,0.0102,0.9922,0.9922,0.9922,384,176
Sudipta_Dynamic,IMU,gru,False,0.9875,0.0167,0.987,0.987,0.987,384,176
Sudipta_Dynamic,IMU,cnn,False,0.9729,0.0542,0.9661,0.9655,0.9655,384,176
Sudipta_Dynamic,Pressure,lstm,False,0.8917,0.0929,0.888,0.8873,0.8873,384,176
Sudipta_Dynamic,Pressure,gru,False,0.8708,0.1051,0.875,0.8749,0.8749,384,176
Sudipta_Dynamic,Pressure,cnn,False,0.8563,0.1226,0.8906,0.8894,0.8894,384,176
Sudipta_Dynamic,IMU+Pressure,lstm,False,0.9833,0.0333,0.9792,0.9791,0.9791,384,176
Sudipta_Dynamic,IMU+Pressure,gru,False,0.9688,0.0527,0.9635,0.9634,0.9634,384,176
Sudipta_Dynamic,IMU+Pressure,cnn,False,0.9875,0.0121,0.987,0.987,0.987,384,176
Tianjun_Dynamic,IMU,lstm,False,0.8839,0.0922,0.8889,0.8876,0.8887,324,162
Tianjun_Dynamic,IMU,gru,False,0.9271,0.0844,0.929,0.929,0.9287,324,162
Tianjun_Dynamic,IMU,cnn,False,0.9625,0.0333,0.966,0.9659,0.9661,324,162
Tianjun_Dynamic,Pressure,lstm,False,0.9217,0.0206,0.9228,0.9227,0.9232,324,162
Tianjun_Dynamic,Pressure,gru,False,0.8402,0.028,0.8364,0.8338,0.8343,324,162
Tianjun_Dynamic,Pressure,cnn,False,0.8967,0.0321,0.8981,0.8947,0.8973,324,162
Tianjun_Dynamic,IMU+Pressure,lstm,False,0.92,0.0522,0.9136,0.9123,0.9132,324,162
Tianjun_Dynamic,IMU+Pressure,gru,False,0.9098,0.0756,0.9043,0.9031,0.9041,324,162
Tianjun_Dynamic,IMU+Pressure,cnn,False,0.8902,0.0627,0.8889,0.886,0.8891,324,162
Zongwei_Dynamic,IMU,lstm,False,0.9803,0.0082,0.9805,0.9806,0.9805,461,220
Zongwei_Dynamic,IMU,gru,False,0.9727,0.0196,0.974,0.9743,0.9739,461,220
Zongwei_Dynamic,IMU,cnn,False,0.9979,0.0042,0.9978,0.9979,0.9978,461,220
Zongwei_Dynamic,Pressure,lstm,False,0.9875,0.0167,0.987,0.9866,0.9869,461,220
Zongwei_Dynamic,Pressure,gru,False,0.985,0.0193,0.9848,0.9849,0.9849,461,220
Zongwei_Dynamic,Pressure,cnn,False,0.9979,0.0042,0.9978,0.9978,0.9978,461,220
Zongwei_Dynamic,IMU+Pressure,lstm,False,0.9979,0.0042,0.9978,0.9978,0.9978,461,220
Zongwei_Dynamic,IMU+Pressure,gru,False,0.9979,0.0042,0.9978,0.9978,0.9978,461,220
Zongwei_Dynamic,IMU+Pressure,cnn,False,0.9979,0.0042,0.9978,0.9978,0.9978,461,220
