subject,config,model,accuracy,accuracy_std_over_repeats,macro_f1,weighted_f1,n_repeats,use_features
Andy_Dynamic,IMU,cnn,0.9771,0.0183,0.9763,0.9769,5,True
Andy_Dynamic,IMU,gru,0.9156,0.0325,0.9101,0.914,5,True
Andy_Dynamic,IMU,lstm,0.9214,0.0747,0.9121,0.9175,5,True
Andy_Dynamic,IMU+Pressure,cnn,0.9818,0.0213,0.9814,0.9819,5,True
Andy_Dynamic,IMU+Pressure,gru,0.9632,0.0407,0.9596,0.9624,5,True
Andy_Dynamic,IMU+Pressure,lstm,0.9546,0.0398,0.9533,0.954,5,True
Andy_Dynamic,Pressure,cnn,0.9474,0.0436,0.9441,0.9464,5,True
Andy_Dynamic,Pressure,gru,0.9363,0.0497,0.9318,0.9364,5,True
Andy_Dynamic,Pressure,lstm,0.9205,0.0616,0.9141,0.9169,5,True
Ankan_Dynamic,IMU,cnn,0.9425,0.036,0.9414,0.9414,5,True
Ankan_Dynamic,IMU,gru,0.8975,0.0541,0.8947,0.8947,5,True
Ankan_Dynamic,IMU,lstm,0.9175,0.0682,0.9161,0.9161,5,True
Ankan_Dynamic,IMU+Pressure,cnn,0.9675,0.0244,0.9669,0.9669,5,True
Ankan_Dynamic,IMU+Pressure,gru,0.9175,0.0813,0.9135,0.9135,5,True
Ankan_Dynamic,IMU+Pressure,lstm,0.94,0.0379,0.9403,0.9403,5,True
Ankan_Dynamic,Pressure,cnn,0.9275,0.0224,0.9264,0.9264,5,True
Ankan_Dynamic,Pressure,gru,0.83,0.059,0.8252,0.8252,5,True
Ankan_Dynamic,Pressure,lstm,0.89,0.0541,0.8911,0.8911,5,True
David_Dynamic,IMU,cnn,0.975,0.0234,0.9745,0.9745,5,True
David_Dynamic,IMU,gru,0.9175,0.0381,0.9175,0.9175,5,True
David_Dynamic,IMU,lstm,0.8575,0.0438,0.8466,0.8466,5,True
David_Dynamic,IMU+Pressure,cnn,0.9975,0.0056,0.9975,0.9975,5,True
David_Dynamic,IMU+Pressure,gru,0.9925,0.0068,0.9925,0.9925,5,True
David_Dynamic,IMU+Pressure,lstm,0.995,0.0068,0.995,0.995,5,True
David_Dynamic,Pressure,cnn,0.9925,0.0068,0.9925,0.9925,5,True
David_Dynamic,Pressure,gru,0.9525,0.0533,0.9494,0.9494,5,True
David_Dynamic,Pressure,lstm,0.97,0.0401,0.9696,0.9696,5,True
Hrithik_Dynamic,IMU,cnn,0.9875,0.028,0.9873,0.9873,5,True
Hrithik_Dynamic,IMU,gru,0.9667,0.0212,0.9673,0.9665,5,True
Hrithik_Dynamic,IMU,lstm,0.9825,0.0259,0.982,0.982,5,True
Hrithik_Dynamic,IMU+Pressure,cnn,0.985,0.0271,0.9848,0.9848,5,True
Hrithik_Dynamic,IMU+Pressure,gru,0.9822,0.0189,0.9824,0.9822,5,True
Hrithik_Dynamic,IMU+Pressure,lstm,0.9714,0.0222,0.9725,0.9714,5,True
Hrithik_Dynamic,Pressure,cnn,0.9869,0.0132,0.9866,0.987,5,True
Hrithik_Dynamic,Pressure,gru,0.9297,0.0397,0.9318,0.9299,5,True
Hrithik_Dynamic,Pressure,lstm,0.9528,0.0383,0.9515,0.9529,5,True
JJ_Dynamic,IMU,cnn,0.9872,0.0088,0.9867,0.9872,5,True
JJ_Dynamic,IMU,gru,0.899,0.0396,0.8951,0.8969,5,True
JJ_Dynamic,IMU,lstm,0.9711,0.0254,0.9687,0.9707,5,True
JJ_Dynamic,IMU+Pressure,cnn,0.9709,0.0372,0.97,0.9704,5,True
JJ_Dynamic,IMU+Pressure,gru,0.9739,0.0189,0.9731,0.9736,5,True
JJ_Dynamic,IMU+Pressure,lstm,0.9843,0.0114,0.9834,0.9842,5,True
JJ_Dynamic,Pressure,cnn,0.9821,0.0141,0.982,0.9822,5,True
JJ_Dynamic,Pressure,gru,0.903,0.0464,0.8976,0.9005,5,True
JJ_Dynamic,Pressure,lstm,0.9531,0.0174,0.9509,0.9523,5,True
Mustafa_Dynamic,IMU,cnn,1.0,0.0,1.0,1.0,5,True
Mustafa_Dynamic,IMU,gru,0.9443,0.072,0.9434,0.9437,5,True
Mustafa_Dynamic,IMU,lstm,0.9924,0.017,0.9924,0.9924,5,True
Mustafa_Dynamic,IMU+Pressure,cnn,0.9949,0.0113,0.9949,0.9949,5,True
Mustafa_Dynamic,IMU+Pressure,gru,0.9924,0.0113,0.9924,0.9925,5,True
Mustafa_Dynamic,IMU+Pressure,lstm,1.0,0.0,1.0,1.0,5,True
Mustafa_Dynamic,Pressure,cnn,0.995,0.0068,0.995,0.995,5,True
Mustafa_Dynamic,Pressure,gru,0.9345,0.0492,0.9337,0.934,5,True
Mustafa_Dynamic,Pressure,lstm,0.9748,0.0155,0.9744,0.9746,5,True
Rezoan_Dynamic,IMU,cnn,0.9775,0.0271,0.9773,0.9773,5,True
Rezoan_Dynamic,IMU,gru,0.8922,0.0422,0.8887,0.8888,5,True
Rezoan_Dynamic,IMU,lstm,0.9147,0.0228,0.9142,0.9142,5,True
Rezoan_Dynamic,IMU+Pressure,cnn,0.9799,0.0209,0.9799,0.9798,5,True
Rezoan_Dynamic,IMU+Pressure,gru,0.9624,0.0177,0.9621,0.9621,5,True
Rezoan_Dynamic,IMU+Pressure,lstm,0.9322,0.0524,0.9309,0.931,5,True
Rezoan_Dynamic,Pressure,cnn,0.9599,0.0418,0.9589,0.9589,5,True
Rezoan_Dynamic,Pressure,gru,0.9147,0.038,0.9131,0.913,5,True
Rezoan_Dynamic,Pressure,lstm,0.9499,0.0265,0.9494,0.9495,5,True
Sudipta_Dynamic,IMU,cnn,1.0,0.0,1.0,1.0,5,True
Sudipta_Dynamic,IMU,gru,1.0,0.0,1.0,1.0,5,True
Sudipta_Dynamic,IMU,lstm,0.9975,0.0056,0.9975,0.9975,5,True
Sudipta_Dynamic,IMU+Pressure,cnn,1.0,0.0,1.0,1.0,5,True
Sudipta_Dynamic,IMU+Pressure,gru,0.995,0.0112,0.9949,0.9949,5,True
Sudipta_Dynamic,IMU+Pressure,lstm,0.9925,0.0112,0.9926,0.9926,5,True
Sudipta_Dynamic,Pressure,cnn,0.9747,0.0423,0.9744,0.975,5,True
Sudipta_Dynamic,Pressure,gru,0.9267,0.0534,0.9248,0.9248,5,True
Sudipta_Dynamic,Pressure,lstm,0.96,0.0479,0.9587,0.9587,5,True
Tianjun_Dynamic,IMU,cnn,0.9325,0.0998,0.9239,0.9239,5,True
Tianjun_Dynamic,IMU,gru,0.8521,0.0954,0.8421,0.842,5,True
Tianjun_Dynamic,IMU,lstm,0.8548,0.1,0.8443,0.8445,5,True
Tianjun_Dynamic,IMU+Pressure,cnn,0.9699,0.0067,0.9698,0.9697,5,True
Tianjun_Dynamic,IMU+Pressure,gru,0.8949,0.0876,0.8907,0.8907,5,True
Tianjun_Dynamic,IMU+Pressure,lstm,0.9149,0.0561,0.9127,0.9128,5,True
Tianjun_Dynamic,Pressure,cnn,0.9399,0.0408,0.9397,0.9396,5,True
Tianjun_Dynamic,Pressure,gru,0.8768,0.0147,0.8767,0.8761,5,True
Tianjun_Dynamic,Pressure,lstm,0.9247,0.044,0.9242,0.9243,5,True
Zongwei_Dynamic,IMU,cnn,0.9971,0.0065,0.9972,0.9971,5,True
Zongwei_Dynamic,IMU,gru,0.9921,0.0114,0.9915,0.9921,5,True
Zongwei_Dynamic,IMU,lstm,0.9917,0.0128,0.9917,0.9916,5,True
Zongwei_Dynamic,IMU+Pressure,cnn,0.9975,0.0056,0.9975,0.9975,5,True
Zongwei_Dynamic,IMU+Pressure,gru,1.0,0.0,1.0,1.0,5,True
Zongwei_Dynamic,IMU+Pressure,lstm,0.9975,0.0056,0.9975,0.9975,5,True
Zongwei_Dynamic,Pressure,cnn,0.9975,0.0056,0.9975,0.9975,5,True
Zongwei_Dynamic,Pressure,gru,0.9705,0.0352,0.9702,0.97,5,True
Zongwei_Dynamic,Pressure,lstm,0.9675,0.059,0.9675,0.9675,5,True
